Time,Indoor Temperature (F),Outdoor Temperature (F),Wind (mph)
8/22/19 13:44,84.7,81.7,3.6
8/22/19 13:47,84.7,81.7,6.7
8/22/19 13:50,84.7,81.7,5.8
8/22/19 13:53,84.7,81.7,4.3
8/22/19 13:56,84.7,81.7,7.2
8/22/19 13:59,84.7,81.9,8.7
8/22/19 14:02,84.7,81.9,5.8
8/22/19 14:05,84.7,81.9,7.2
8/22/19 14:08,84.7,81.9,7.4
8/22/19 14:11,84.7,82,11.2
8/22/19 14:14,84.7,82,9.8
8/22/19 14:17,84.9,82,8.7
8/22/19 14:20,84.9,82.2,8.3
8/22/19 14:23,84.9,82.2,8.7
8/22/19 14:26,84.9,82.2,9.2
8/22/19 14:29,84.9,82.2,5.8
8/22/19 14:32,84.9,82.2,6.7
8/22/19 14:35,84.9,82.4,9.8
8/22/19 14:38,84.9,82.4,4.3
8/22/19 14:41,84.9,82.4,7.2
8/22/19 14:44,84.9,82.4,2.5
8/22/19 14:47,84.9,82.6,5.1
8/22/19 14:50,84.9,82.6,7.2
8/22/19 14:53,84.9,82.6,2.7
8/22/19 14:56,85.1,82.8,4.9
8/22/19 14:59,85.1,82.9,0
8/22/19 15:02,85.1,83.1,7.2
8/22/19 15:05,85.1,83.1,0
8/22/19 15:08,85.3,83.3,6.7
8/22/19 15:11,85.3,83.3,0
8/22/19 15:14,85.3,83.5,4.9
8/22/19 15:17,85.3,83.5,2.9
8/22/19 15:20,85.5,83.5,3.6
8/22/19 15:23,85.5,83.5,7.6
8/22/19 15:26,85.6,83.5,8.7
8/22/19 15:29,85.6,83.5,5.1
8/22/19 15:32,85.6,83.3,4
8/22/19 15:35,85.6,83.3,2.5
8/22/19 15:38,85.8,83.3,0
8/22/19 15:41,85.8,83.3,5.8
8/22/19 15:44,85.8,83.3,4.9
8/22/19 15:47,85.8,83.3,0
8/22/19 15:50,85.8,83.3,6
8/22/19 15:53,85.8,83.3,4.3
8/22/19 15:58,86,83.3,0
8/22/19 16:01,86,83.5,4
8/22/19 16:04,86,83.3,8.3
8/22/19 16:07,86,83.3,8.3
8/22/19 16:10,86,83.3,6.7
8/22/19 16:13,86,83.1,3.6
8/22/19 16:16,85.8,83.1,5.1
8/22/19 16:19,85.8,82.9,7.2
8/22/19 16:22,85.8,82.9,8.7
8/22/19 16:25,85.6,82.8,3.4
8/22/19 16:28,85.6,82.8,5.1
8/22/19 16:31,85.6,82.6,8.1
8/22/19 16:34,85.6,82.6,5.1
8/22/19 16:37,85.5,82.6,8.7
8/22/19 16:40,85.5,82.6,8.7
8/22/19 16:43,85.3,82.6,7.2
8/22/19 16:46,85.3,82.4,8.9
8/22/19 16:49,85.3,82.4,5.8
8/22/19 16:52,85.1,82.4,11.2
8/22/19 16:55,85.1,82.2,10.3
8/22/19 16:58,84.9,82,6.7
8/22/19 17:01,84.7,82,10.3
8/22/19 17:04,84.7,81.9,8.1
8/22/19 17:07,84.6,81.9,9.2
8/22/19 17:10,84.4,81.7,8.3
8/22/19 17:13,84.2,81.5,6.5
8/22/19 17:16,84.2,81.3,8.1
8/22/19 17:19,84,81.1,7.2
8/22/19 17:22,83.8,81,6.5
8/22/19 17:25,83.7,80.8,7.2
8/22/19 17:28,83.7,80.6,5.6
8/22/19 17:31,83.5,80.4,6
8/22/19 17:34,83.3,80.1,4.9
8/22/19 17:37,83.1,79.9,6
8/22/19 17:40,82.9,79.7,5.8
8/22/19 17:43,82.8,79.3,6.7
8/22/19 17:46,82.6,79.2,7.2
8/22/19 17:49,82.4,79,5.8
8/22/19 17:52,82.4,78.6,6
8/22/19 17:55,82.2,78.4,6
8/22/19 17:58,82,78.3,4.9
8/22/19 18:01,81.9,78.1,4.9
8/22/19 18:04,81.7,77.9,4.5
8/22/19 18:07,81.5,77.7,4.3
8/22/19 18:10,81.5,77.4,4.9
8/22/19 18:13,81.3,77.2,4.3
8/22/19 18:16,81.1,76.8,4.3
8/22/19 18:19,81,76.6,3.4
8/22/19 18:22,80.8,76.3,2.9
8/22/19 18:25,80.6,75.9,2.9
8/22/19 18:28,80.4,75.7,4
8/22/19 18:31,80.2,75.4,4
8/22/19 18:34,80.1,75.2,5.8
8/22/19 18:37,79.9,75,5.1
8/22/19 18:40,79.7,74.8,4.3
8/22/19 18:43,79.5,74.7,4.9
8/22/19 18:46,79.3,74.5,2.5
8/22/19 18:49,79.2,74.3,1.1
8/22/19 18:52,79,74.1,0
8/22/19 18:55,78.6,73.9,0
8/22/19 18:58,78.4,73.8,0
8/22/19 19:01,78.3,73.4,1.8
8/22/19 19:04,77.7,73,2.7
8/22/19 19:07,77.4,72.7,1.1
8/22/19 19:10,77,72.5,1.8
8/22/19 19:13,76.8,72.1,1.1
8/22/19 19:16,76.3,72,1.3
8/22/19 19:19,75.9,71.6,1.8
8/22/19 19:22,75.9,71.2,1.3
8/22/19 19:25,75.6,71.1,2.5
8/22/19 19:28,75.6,70.9,2.9
8/22/19 19:31,75.4,70.7,2.5
8/22/19 19:34,75.4,70.5,2.9
8/22/19 19:37,75,70.3,2.9
8/22/19 19:40,74.8,70.2,4
8/22/19 21:43,74.7,70,4.5
8/22/19 21:46,74.3,69.8,5.1
8/22/19 21:49,74.1,69.8,5.1
8/22/19 21:52,73.8,69.6,4.5
8/22/19 21:55,73.6,69.4,4.3
8/22/19 21:58,73.6,69.4,2.7
8/22/19 22:01,73.4,69.4,2.7
8/22/19 22:04,73.2,69.4,2
8/22/19 22:07,73.2,69.6,0
8/22/19 22:10,73,69.6,1.8
8/22/19 22:13,73,69.6,0.9
8/22/19 22:16,73,69.8,1.3
8/22/19 22:19,72.9,69.8,1.3
8/22/19 22:22,72.9,69.8,1.3
8/22/19 22:25,72.7,70,1.8
8/22/19 22:28,72.7,70.2,2.7
8/22/19 22:31,72.7,70.2,1.8
8/22/19 22:34,72.7,70.2,0
8/22/19 22:37,72.5,70.2,2.7
8/22/19 22:40,72.5,70.2,4.3
8/22/19 22:43,72.3,70,3.4
8/22/19 22:46,72.3,70,0
8/22/19 22:49,72.1,69.8,1.3
8/22/19 22:52,72,69.8,0
8/22/19 22:55,72,69.4,2.9
8/22/19 22:58,71.8,69.4,2.7
8/22/19 23:01,71.8,69.3,0
8/22/19 23:04,71.6,69.1,1.8
8/22/19 23:07,71.6,68.9,0
8/22/19 23:10,71.4,68.9,0
8/22/19 23:13,71.4,68.9,0
8/22/19 23:16,71.4,68.9,0.4
8/22/19 23:19,71.2,68.9,0
8/22/19 23:22,71.2,68.9,1.3
8/22/19 23:25,71.2,68.9,2
8/22/19 23:28,71.1,69.1,2
8/22/19 23:31,70.9,69.1,0
8/22/19 23:34,70.9,68.9,3.6
8/22/19 23:37,70.7,69.1,2.9
8/22/19 23:40,70.7,69.1,4.5
8/22/19 23:43,70.7,69.1,3.4
8/22/19 23:46,70.5,69.1,0
8/22/19 23:49,70.5,69.1,2.5
8/22/19 23:52,70.3,68.9,0
8/22/19 23:55,70.5,69.1,0.4
8/22/19 23:58,70.3,69.1,0
8/23/19 0:01,70.3,68.9,2.5
8/23/19 0:04,70.2,68.7,0
8/23/19 0:07,70.2,68.7,1.8
8/23/19 0:10,70.2,68.7,2
8/23/19 0:13,70.2,68.7,1.8
8/23/19 0:16,70.2,68.5,1.3
8/23/19 0:19,70.3,68.5,0
8/23/19 0:22,70.3,68.5,0
8/23/19 0:25,70.5,68.5,0.9
8/23/19 0:28,70.5,68.4,0.4
8/23/19 0:31,70.5,68.4,0
8/23/19 0:34,70.5,68.4,0
8/23/19 0:37,70.5,68.4,0
8/23/19 0:40,70.5,68.2,0
8/23/19 0:43,70.5,68.2,0
8/23/19 0:46,70.7,68.2,0
8/23/19 0:49,70.5,68,0
8/23/19 0:52,70.5,68,0.4
8/23/19 0:55,70.5,67.8,0
8/23/19 0:58,70.5,67.8,0
8/23/19 1:01,70.5,67.6,0
8/23/19 1:04,70.5,67.5,0
8/23/19 1:07,70.5,67.3,0
8/23/19 1:10,70.3,67.1,0
8/23/19 1:13,70.3,66.7,2
8/23/19 1:16,70.3,66.4,1.8
8/23/19 1:19,70.3,66.2,0.2
8/23/19 1:22,70.2,65.8,1.1
8/23/19 1:25,70.2,65.5,2.9
8/23/19 1:28,70.2,65.3,2.5
8/23/19 1:31,70.2,64.9,2
8/23/19 1:34,70,64.6,3.6
8/23/19 1:37,70,64.4,4
8/23/19 1:40,70,64.4,2.7
8/23/19 1:43,70,64.4,2.7
8/23/19 1:46,69.8,64.4,1.3
8/23/19 1:49,69.8,64.6,0
8/23/19 1:52,69.8,64.6,0
8/23/19 1:55,69.6,64.6,0
8/23/19 1:58,69.6,64.6,0
8/23/19 2:01,69.6,64.6,0
8/23/19 2:04,69.4,64.6,2.7
8/23/19 2:07,69.4,64.4,2
8/23/19 2:10,69.4,64.4,2.7
8/23/19 2:13,69.3,64.2,1.3
8/23/19 2:16,69.3,64,1.3
8/23/19 2:19,69.1,63.9,0.9
8/23/19 2:22,69.1,63.7,0
8/23/19 2:25,69.1,63.5,0
8/23/19 2:28,68.9,63.1,0.9
8/23/19 2:31,68.9,63,2.5
8/23/19 2:34,68.9,62.8,0.9
8/23/19 2:37,68.7,62.6,0
8/23/19 2:40,68.7,62.4,0
8/23/19 2:43,68.5,62.2,0
8/23/19 2:46,68.5,62.2,0
8/23/19 2:49,68.5,61.9,0
8/23/19 2:52,68.4,61.7,0
8/23/19 2:55,68.4,61.5,0
8/23/19 2:58,68.4,61.5,0
8/23/19 3:01,68.2,61.3,0
8/23/19 3:04,68.2,61.3,0
8/23/19 3:07,68,61.3,0
8/23/19 3:10,68,61.2,0
8/23/19 3:13,67.8,61.2,0
8/23/19 3:16,67.8,61.3,0
8/23/19 3:19,67.6,61.3,0
8/23/19 3:22,67.6,61.5,0
8/23/19 3:25,67.6,61.5,0
8/23/19 3:28,67.5,61.7,0
8/23/19 3:31,67.5,61.9,0
8/23/19 3:34,67.5,62.1,0.4
8/23/19 3:37,67.3,62.4,1.8
8/23/19 3:40,67.1,62.4,2.5
8/23/19 3:43,67.1,62.2,0.9
8/23/19 3:46,67.1,62.1,0
8/23/19 3:49,66.9,61.9,0
8/23/19 3:52,66.9,61.5,0.4
8/23/19 3:55,66.9,61.2,0
8/23/19 3:58,66.7,61,0
8/23/19 4:01,66.7,60.6,0
8/23/19 4:04,66.6,60.1,0.2
8/23/19 4:07,66.6,59.7,0
8/23/19 4:10,66.4,59.4,0
8/23/19 4:13,66.4,59.4,0
8/23/19 4:16,66.2,59,0
8/23/19 4:19,66.2,58.8,0
8/23/19 4:22,66,58.3,1.1
8/23/19 4:25,66,57.9,0.4
8/23/19 4:28,66,57.9,0
8/23/19 4:31,65.8,57.7,1.1
8/23/19 4:34,65.7,57.4,0
8/23/19 4:37,65.7,57.4,0
8/23/19 4:40,65.7,57.2,0
8/23/19 4:43,65.5,57,0
8/23/19 4:46,65.3,57,0
8/23/19 4:49,65.3,56.8,2.5
8/23/19 4:52,65.1,56.8,1.1
8/23/19 4:55,65.1,56.7,1.3
8/23/19 4:58,65.1,56.5,0
8/23/19 5:01,64.9,56.3,0
8/23/19 5:04,64.9,56.3,0
8/23/19 5:07,64.8,56.1,0
8/23/19 5:10,64.8,56.1,0
8/23/19 5:13,64.6,55.9,0.4
8/23/19 5:16,64.6,55.9,0
8/23/19 5:19,64.4,55.9,0.4
8/23/19 5:22,64.4,55.8,1.8
8/23/19 5:25,64.4,55.8,1.1
8/23/19 5:28,64.2,55.6,0
8/23/19 5:31,64,55.4,0
8/23/19 5:34,64,55.2,1.1
8/23/19 5:37,63.9,55.2,2
8/23/19 5:40,63.9,55.2,0.4
8/23/19 5:43,63.9,55.2,0
8/23/19 5:46,63.7,55.2,0
8/23/19 5:49,63.7,55.2,0
8/23/19 5:52,63.5,55.2,0
8/23/19 5:55,63.5,55.2,0
8/23/19 5:58,63.5,55,0
8/23/19 6:01,63.5,55,0
8/23/19 6:04,63.3,55.2,2.5
8/23/19 6:07,63.3,55,0
8/23/19 6:10,63.3,55,0
8/23/19 6:13,63.3,54.9,0
8/23/19 6:16,63.1,54.5,0
8/23/19 6:19,63.1,54.3,0
8/23/19 6:22,63.1,54.1,0
8/23/19 6:25,63,54.3,0
8/23/19 6:28,63,54.3,0
8/23/19 6:31,63,54.3,0
8/23/19 6:34,63,54.5,0
8/23/19 6:37,63,54.7,0
8/23/19 6:40,62.8,55.2,0
8/23/19 6:43,62.8,55.8,0
8/23/19 6:46,62.8,56.3,0
8/23/19 6:49,62.8,56.8,0
8/23/19 6:52,62.8,57.2,0
8/23/19 6:55,62.6,57.4,0
8/23/19 6:58,62.8,57.4,0
8/23/19 7:01,62.8,57.6,0
8/23/19 7:04,62.6,57.7,2
8/23/19 7:07,62.6,57.6,1.3
8/23/19 7:10,62.8,57.4,2
8/23/19 7:13,62.8,57,0.4
8/23/19 7:16,62.8,56.7,0.9
8/23/19 7:19,62.8,56.5,0
8/23/19 7:22,63,56.5,0
8/23/19 7:25,63,56.7,0.4
8/23/19 7:28,63.1,56.8,0
8/23/19 7:31,63.1,57,0
8/23/19 7:34,63.3,57.6,0
8/23/19 7:37,63.5,58.3,0
8/23/19 7:40,63.7,59,0
8/23/19 7:43,63.9,59.7,0
8/23/19 7:46,63.9,60.4,0
8/23/19 7:49,64.2,61,0
8/23/19 7:52,64.2,61.7,0
8/23/19 7:55,64.4,62.2,0
8/23/19 7:58,64.6,63,1.1
8/23/19 8:01,64.8,63.5,0.4
8/23/19 8:04,64.8,63.7,1.3
8/23/19 8:07,64.9,63.9,0.9
8/23/19 8:10,65.1,64.2,0.9
8/23/19 8:13,65.1,64.4,1.1
8/23/19 8:16,65.3,64.8,1.1
8/23/19 8:19,65.5,64.9,1.1
8/23/19 8:22,65.5,65.1,0.9
8/23/19 8:25,65.7,65.1,2
8/23/19 8:28,65.8,65.1,2.5
8/23/19 8:31,65.8,65.3,2.9
8/23/19 8:34,66,65.5,3.4
8/23/19 8:37,66.2,65.7,6.7
8/23/19 8:40,66.4,65.8,5.1
8/23/19 8:43,66.7,65.8,2.9
8/23/19 8:46,66.9,66,4.9
8/23/19 8:49,67.3,66.4,4.5
8/23/19 8:52,67.6,66.6,4
8/23/19 8:55,68,66.9,5.1
8/23/19 8:58,68.4,67.1,4.3
8/23/19 9:01,68.7,67.5,5.8
8/23/19 9:04,69.3,67.8,2.5
8/23/19 9:07,69.6,68,8.9
8/23/19 9:10,70,68.2,2.5
8/23/19 9:13,70.3,68.5,3.4
8/23/19 9:16,70.7,68.7,8.3
8/23/19 9:19,71.2,68.9,6.7
8/23/19 9:22,71.4,69.1,4
8/23/19 9:25,71.8,69.1,5.1
8/23/19 9:28,72.1,69.3,7.4
8/23/19 9:31,72.5,69.3,7.6
8/23/19 9:34,72.9,69.4,5.1
8/23/19 9:37,73.2,69.6,5.6
8/23/19 9:40,73.4,69.8,5.6
8/23/19 9:43,73.8,69.8,6
8/23/19 9:46,73.9,70,2.5
8/23/19 9:49,74.5,70.2,6.5
8/23/19 9:55,75,71.6,4
8/23/19 9:58,75.2,71.6,4
8/23/19 10:01,75.6,71.8,5.8
8/23/19 10:04,75.9,71.8,5.1
8/23/19 10:07,76.1,71.8,6.5
8/23/19 10:10,76.5,72,2.9
8/23/19 10:13,76.6,72.1,5.6
8/23/19 10:16,76.8,72.3,0
8/23/19 10:19,77.2,72.5,2.5
8/23/19 10:22,77.4,72.7,2
8/23/19 10:25,77.7,73,2
8/23/19 10:28,77.9,73.4,4
8/23/19 10:31,78.3,73.6,7.2
8/23/19 10:34,78.4,73.8,2.7
8/23/19 10:37,78.8,74.1,1.1
8/23/19 10:40,79,74.3,0.9
8/23/19 10:43,79.2,74.7,8.9
8/23/19 10:46,79.5,74.8,4.5
8/23/19 10:49,79.7,75,1.1
8/23/19 10:52,79.9,75.2,1.1
8/23/19 10:55,80.2,75.4,4.5
8/23/19 10:58,80.4,75.6,1.3
8/23/19 11:01,80.6,75.7,0.9
8/23/19 11:04,80.8,76.1,3.6
8/23/19 11:07,81,76.3,2
8/23/19 11:10,81.1,76.3,1.8
8/23/19 11:13,81.5,76.5,0.4
8/23/19 11:16,81.7,76.8,2.5
8/23/19 11:19,81.9,77,3.6
8/23/19 11:22,82,77.2,0.4
8/23/19 11:25,82.2,77.4,4.5
8/23/19 11:28,82.4,77.5,4.5
8/23/19 11:31,82.6,77.9,0.9
8/23/19 11:34,82.6,78.1,4.3
8/23/19 11:37,82.8,78.3,2.7
8/23/19 11:40,82.9,78.4,3.6
8/23/19 11:43,82.9,78.8,2
8/23/19 11:46,82.9,79,0.4
8/23/19 11:49,83.1,79.2,0
8/23/19 11:52,83.3,79.5,3.6
8/23/19 11:55,83.3,79.7,0
8/23/19 11:58,83.3,79.9,0
8/23/19 12:01,83.5,80.1,0.4
8/23/19 12:04,83.5,80.1,2.5
8/23/19 12:07,83.7,80.2,0.9
8/23/19 12:10,83.7,80.4,5.6
8/23/19 12:13,83.8,80.4,2.5
8/23/19 12:16,84,80.8,5.1
8/23/19 12:19,84,80.8,0.4
8/23/19 12:22,84.2,80.8,4
8/23/19 12:25,84.2,81,2.9
8/23/19 12:28,84.4,81,1.1
8/23/19 12:31,84.6,81,4.5
8/23/19 12:34,84.6,81.1,5.8
8/23/19 12:37,84.7,81.1,4.9
8/23/19 12:40,84.7,81.1,2.9
8/23/19 12:43,84.9,81.1,2.7
8/23/19 12:46,85.1,81.3,2
8/23/19 12:49,85.1,81.5,2.7
8/23/19 12:52,85.3,81.5,6
8/23/19 12:55,85.5,81.7,8.9
8/23/19 12:58,85.5,81.7,0.9
8/23/19 13:01,85.6,81.9,0
8/23/19 13:04,85.8,82.2,0.2
8/23/19 13:07,86,82.6,3.4
8/23/19 13:10,86,82.8,3.4
8/23/19 13:13,86.2,83.1,2.9
8/23/19 13:16,86.4,83.3,2.5
8/23/19 13:19,86.5,83.5,0
8/23/19 13:22,86.5,83.7,0
8/23/19 13:25,86.7,83.8,0.4
8/23/19 13:28,86.9,84.4,5.1
8/23/19 13:31,87.1,84.6,6
8/23/19 13:34,87.1,84.7,1.1
8/23/19 13:37,87.3,84.9,0.2
8/23/19 13:40,87.4,85.1,0
8/23/19 13:43,87.6,85.5,2.7
8/23/19 13:46,87.6,85.6,2.5
8/23/19 13:49,87.8,85.8,0
8/23/19 13:52,88,86,0
8/23/19 13:55,88,86.2,5.8
8/23/19 13:58,88.2,86.4,2.7
8/23/19 14:01,88.3,86.4,0.4
8/23/19 14:04,88.5,86.5,3.4
8/23/19 14:07,88.5,86.5,2.7
8/23/19 14:10,88.7,86.5,0.2
8/23/19 14:13,88.9,86.5,6
8/23/19 14:16,89.1,86.5,2.9
8/23/19 14:19,89.1,86.7,2
8/23/19 14:22,89.2,86.7,4
8/23/19 14:25,89.4,86.5,0.2
8/23/19 14:28,89.6,86.5,3.4
8/23/19 14:31,89.6,86.5,2.9
8/23/19 14:34,89.8,86.5,3.4
8/23/19 14:37,90,86.7,1.8
8/23/19 14:40,90,86.7,2.7
8/23/19 14:43,90.1,86.9,0
8/23/19 14:46,90.3,87.1,2.5
8/23/19 14:49,90.3,87.4,1.1
8/23/19 14:52,90.5,87.6,3.4
8/23/19 14:55,90.5,88,3.4
8/23/19 14:58,90.5,88.2,6
8/23/19 15:01,90.5,88.2,3.6
8/23/19 15:04,90.7,88.2,5.8
8/23/19 15:07,90.7,88.2,0.2
8/23/19 15:10,90.7,88.3,3.6
8/23/19 15:13,90.7,88.3,5.1
8/23/19 15:16,90.7,88.3,8.7
8/23/19 15:19,90.9,88.3,5.1
8/23/19 15:22,90.9,88.3,6
8/23/19 15:25,90.9,88.3,3.4
8/23/19 15:28,90.9,88.3,8.7
8/23/19 15:31,91,88.5,2.5
8/23/19 15:34,91,88.7,6.5
8/23/19 15:37,91,88.9,6
8/23/19 15:40,91,89.1,2.5
8/23/19 15:43,91.2,89.1,5.1
8/23/19 15:46,91.2,89.1,2
8/23/19 15:49,91.2,89.2,2
8/23/19 15:52,91.2,89.2,6.7
8/23/19 15:55,91.4,89.4,6
8/23/19 15:58,91.4,89.4,3.4
8/23/19 16:01,91.4,89.6,3.4
8/23/19 16:04,91.4,89.8,2.9
8/23/19 16:07,91.6,90,5.8
8/23/19 16:10,91.6,90.1,3.6
8/23/19 16:13,91.6,90.3,4.3
8/23/19 16:16,91.6,90.5,0
8/23/19 16:19,91.8,90.7,8.7
8/23/19 16:22,91.8,90.7,5.1
8/23/19 16:25,91.8,90.9,9.8
8/23/19 16:28,91.9,90.9,6.5
8/23/19 16:31,91.9,90.9,6.7
8/23/19 16:34,91.9,91,8.9
8/23/19 16:37,92.1,90.9,10.5
8/23/19 16:40,92.1,90.9,5.6
8/23/19 16:43,92.1,90.7,5.6
8/23/19 16:46,92.1,90.5,5.6
8/23/19 16:49,91.9,90.3,7.2
8/23/19 16:52,92.1,90.3,6.5
8/23/19 17:23,92.1,90.3,10.3
8/23/19 17:28,92.1,90.3,7.4
8/23/19 17:33,92.1,90.3,6
8/23/19 17:38,92.1,90.5,11.4
8/23/19 17:43,92.1,90.3,6.5
8/23/19 17:48,91.9,90.3,8.9
8/23/19 17:53,91.9,90.3,9.8
8/23/19 17:58,91.9,90.3,8.9
8/23/19 18:03,91.9,90.3,10.5
8/23/19 18:08,91.9,90.1,5.1
8/23/19 18:13,91.9,90.1,12.3
8/23/19 18:18,91.9,90.1,8.7
8/23/19 18:23,91.9,90,11.2
8/23/19 18:28,91.9,89.8,9.6
8/23/19 18:33,91.9,89.8,8.9
8/23/19 18:38,91.9,89.6,8.3
8/23/19 18:43,91.8,89.4,7.4
8/23/19 18:48,91.6,89.2,6.7
8/23/19 18:53,91.4,89.1,5.1
8/23/19 18:58,91.2,89.1,7.4
8/23/19 19:03,91,88.9,7.4
8/23/19 19:08,90.7,88.7,5.8
8/23/19 19:13,90.5,88.5,5.8
8/23/19 19:18,90.1,88.3,5.6
8/23/19 19:23,89.8,88,6
8/23/19 19:28,89.4,87.6,5.6
8/23/19 19:33,89.2,87.1,5.8
8/23/19 19:38,88.7,86.5,5.8
8/23/19 19:43,88.3,86,5.6
8/23/19 19:48,88,85.6,4.3
8/23/19 19:53,87.6,85.1,2.9
8/23/19 19:58,87.3,84.6,4.5
8/23/19 20:03,86.9,84,4
8/23/19 20:08,86.5,83.7,4.3
8/23/19 20:18,85.6,82.2,2.5
8/23/19 20:23,85.1,82.4,5.8
8/23/19 20:28,84.7,82.6,7.2
8/23/19 20:33,84.4,82.9,3.4
8/23/19 20:38,84,82.9,3.6
8/23/19 20:43,83.7,82.6,4.3
8/23/19 20:48,83.5,81.9,4.5
8/23/19 20:53,83.3,81,5.1
8/23/19 20:58,83.1,80.1,5.8
8/23/19 21:03,82.9,79,4
8/23/19 21:08,82.8,78.1,0.9
8/23/19 21:13,82.6,77.5,0
8/23/19 21:18,82.6,77.2,0
8/23/19 21:23,82.2,77,0
8/23/19 21:28,82,77,10.3
8/23/19 21:33,81.9,76.8,5.8
8/23/19 21:38,81.7,77,2.5
8/23/19 21:47,81.5,78.3,1.8
8/23/19 21:52,81,77.9,2.7
8/23/19 21:57,80.2,77.5,5.8
8/23/19 22:02,79.7,77.4,0
8/23/19 22:07,79.2,77.2,0
8/23/19 22:12,78.6,77.2,4.5
8/23/19 22:17,78.3,76.8,8.1
8/23/19 22:22,77.5,76.6,5.8
8/23/19 22:27,77,76.6,5.6
8/23/19 22:32,76.8,76.8,4
8/23/19 22:37,76.3,76.8,3.4
8/23/19 22:42,75.9,76.8,0.4
8/23/19 22:47,75.6,77,3.6
8/23/19 22:52,75.4,77.2,7.2
8/23/19 22:57,75,77,6
8/23/19 23:02,74.7,76.8,6.7
8/23/19 23:07,74.5,76.8,5.8
8/23/19 23:12,74.3,77,5.1
8/23/19 23:17,73.9,77.2,1.3
8/23/19 23:22,73.8,77.4,0
8/23/19 23:27,73.6,77.7,0.9
8/23/19 23:32,73.6,78.1,2.5
8/23/19 23:37,73.2,78.3,0.2
8/23/19 23:42,73.2,78.3,0.4
8/23/19 23:47,73,78.3,0
8/23/19 23:52,72.9,78.3,2.7
8/23/19 23:57,72.7,78.3,0.9
8/24/19 0:02,72.5,77.9,1.8
8/24/19 0:07,72.3,77.7,0
8/24/19 0:12,72.1,77.2,0
8/24/19 0:17,72,76.6,0
8/24/19 0:22,72,75.7,0
8/24/19 0:27,71.6,75.2,0
8/24/19 0:32,71.6,74.3,2.5
8/24/19 0:37,71.4,73.9,3.6
8/24/19 0:42,71.2,74.1,7.6
8/24/19 0:47,71.1,74.7,5.1
8/24/19 0:52,71.1,75.2,2.9
8/24/19 0:57,70.9,75.2,0
8/24/19 1:02,70.7,75.2,0
8/24/19 1:07,70.7,74.8,0
8/24/19 1:12,70.5,74.5,0
8/24/19 1:17,70.3,74.1,0.4
8/24/19 1:22,70.3,73.8,4.3
8/24/19 1:27,70.2,73.8,3.6
8/24/19 1:32,70.2,73.8,2.5
8/24/19 1:37,70.2,73.9,1.8
8/24/19 1:42,70,73.9,2.7
8/24/19 1:47,70,73.6,3.6
8/24/19 1:52,70,73,5.6
8/24/19 1:57,70,72.3,6.5
8/24/19 2:02,70,71.8,6.5
8/24/19 2:07,70,71.8,4.3
8/24/19 2:12,70,72,4.5
8/24/19 2:17,70,72.1,1.1
8/24/19 2:22,69.8,72.3,4
8/24/19 2:27,69.6,72.3,5.6
8/24/19 2:32,69.4,72.1,6.5
8/24/19 2:37,69.3,71.8,4.3
8/24/19 2:42,69.1,71.2,4.5
8/24/19 2:47,68.9,70.9,6
8/24/19 2:52,68.7,70.7,7.4
8/24/19 2:57,68.5,70.5,5.1
8/24/19 3:02,68.4,70.3,5.6
8/24/19 3:07,68.2,70,7.4
8/24/19 3:12,68,70,4.9
8/24/19 3:17,68,69.6,3.6
8/24/19 3:22,67.8,69.4,5.1
8/24/19 3:27,67.6,69.1,5.8
8/24/19 3:32,67.6,68.9,2.9
8/24/19 3:37,67.5,68.9,4.9
8/24/19 3:42,67.5,69.3,6
8/24/19 3:47,67.3,69.6,6.5
8/24/19 3:52,67.3,70.2,7.4
8/24/19 3:57,67.1,70.9,7.4
8/24/19 4:02,67.1,71.4,5.6
8/24/19 4:07,67.1,72,5.1
8/24/19 4:12,66.9,72.1,7.4
8/24/19 4:17,66.9,72,7.4
8/24/19 4:22,66.9,72,6.5
8/24/19 4:27,66.9,71.8,8.1
8/24/19 4:32,66.9,71.6,8.9
8/24/19 4:37,66.7,71.4,13
8/24/19 4:42,66.7,71.2,15.9
8/24/19 4:47,66.9,71.2,13.6
8/24/19 4:52,66.7,70.9,11.4
8/24/19 4:57,66.7,70.7,9.6
8/24/19 5:02,66.9,70.5,10.3
8/24/19 5:07,66.7,70.3,13.4
8/24/19 5:12,66.7,70.2,13.9
8/24/19 5:17,66.9,70.2,13.9
8/24/19 5:22,66.7,70,13
8/24/19 5:27,66.7,69.8,11.9
8/24/19 5:32,66.7,69.6,8.9
8/24/19 5:37,66.9,69.4,10.3
8/24/19 5:42,66.7,69.1,8.7
8/24/19 5:47,66.7,68.7,10.7
8/24/19 5:52,66.7,68.5,11.4
8/24/19 5:57,66.7,68.5,8.3
8/24/19 6:02,66.7,68.4,11.2
8/24/19 6:07,66.7,68.2,9.2
8/24/19 6:12,66.7,68,7.6
8/24/19 6:17,66.7,67.6,6.7
8/24/19 6:22,66.7,67.5,6.5
8/24/19 6:27,66.7,67.1,6
8/24/19 6:32,66.7,66.7,4.9
8/24/19 6:37,66.7,66.6,2.9
8/24/19 6:42,66.7,66.7,4
8/24/19 6:47,66.7,67.1,5.1
8/24/19 6:52,66.9,67.5,4.9
8/24/19 6:57,66.9,68,8.1
8/24/19 7:02,67.1,68.7,8.1
8/24/19 7:07,67.3,69.3,8.3
8/24/19 7:12,67.5,69.8,6.7
8/24/19 7:17,67.6,70.3,7.4
8/24/19 7:22,68,70.9,11.9
8/24/19 7:27,68.2,71.4,10.3
8/24/19 7:32,68.5,72,11.4
8/24/19 7:37,68.7,72.3,8.7
8/24/19 7:42,69.1,72.5,9.6
8/24/19 7:47,69.3,72.9,10.7
8/24/19 7:52,69.6,73,11.2
8/24/19 7:57,69.8,73.4,4.9
8/24/19 8:02,70,73.4,6
8/24/19 8:07,70.2,73.6,11.4
8/24/19 8:12,70.2,74.1,12.3
8/24/19 8:17,70.2,74.5,8.9
8/24/19 8:22,70.3,74.8,6.7
8/24/19 8:27,70.3,75.2,5.1
8/24/19 8:32,70.3,75.6,10.7
8/24/19 8:37,70.7,76.5,14.5
8/24/19 8:42,70.7,76.8,16.1
8/24/19 8:47,70.7,77.2,20.1
8/24/19 8:52,70.9,77.7,18.3
8/24/19 8:57,71.1,78.3,17.7
8/24/19 9:02,71.1,78.8,17.4
8/24/19 9:07,71.2,79,16.1
8/24/19 9:12,71.4,79.2,17.7
8/24/19 9:17,71.4,79.3,15.2
8/24/19 9:22,71.6,79.5,15
8/24/19 9:27,71.8,79.7,19
8/24/19 9:32,71.8,79.9,19.2
8/24/19 9:37,72,80.1,24.6
8/24/19 9:42,72.1,80.2,22.1
8/24/19 9:47,72,80.4,21.7
8/24/19 9:52,72,80.8,23.9
8/24/19 9:57,71.8,80.8,20.1
8/24/19 10:02,71.6,81,23
8/24/19 10:07,71.4,81.1,20.8
8/24/19 10:12,71.2,81.1,16.8
8/24/19 10:17,71.2,81.3,24.4
8/24/19 10:22,71.1,81.5,21.3
8/24/19 10:27,71.2,81.9,14.3
8/24/19 10:32,71.2,82.2,21.7
8/24/19 10:37,71.2,82.6,17
8/24/19 10:42,71.2,82.9,21.5
8/24/19 10:47,71.2,83.3,16.6
8/24/19 10:52,71.1,83.7,19.9
8/24/19 10:57,71.1,84.2,18.6
8/24/19 11:02,71.1,84.4,19.2
8/24/19 11:07,70.9,84.6,15.2
8/24/19 11:12,70.9,84.7,23.3
8/24/19 11:17,70.9,85.1,23.7
8/24/19 11:22,71.1,85.1,25.9
8/24/19 11:27,71.2,85.3,20.6
8/24/19 11:32,71.4,85.6,25.9
8/24/19 11:37,71.6,85.8,21.5
8/24/19 11:42,71.8,86,19.2
8/24/19 11:47,72,86.2,13.9
8/24/19 11:52,72,86.5,21.3
8/24/19 11:57,72.1,86.7,21.7
8/24/19 12:02,72.1,86.9,16.1
8/24/19 12:07,72.1,87.3,25.9
8/24/19 12:12,72.1,87.4,19.2
8/24/19 12:17,72.1,87.6,17
8/24/19 12:22,72.1,87.8,14.3
8/24/19 12:27,72.1,88,23
8/24/19 12:32,72.1,88.2,18.3
8/24/19 12:37,72.3,88.3,19.9
8/24/19 12:42,72.7,88.3,20.1
8/24/19 12:47,72.7,88.7,12.3
8/24/19 12:52,72.9,88.9,21.7
8/24/19 12:57,72.9,89.1,16.1
8/24/19 13:02,72.9,89.2,15.9
8/24/19 13:07,72.9,89.4,18.1
8/24/19 13:12,72.9,89.6,15.2
8/24/19 13:17,73,89.8,19.9
8/24/19 13:22,73,89.8,17.4
8/24/19 13:27,73.2,90,14.3
8/24/19 13:32,73.2,90,19.2
8/24/19 13:37,73.2,90.1,18.3
8/24/19 13:42,73.2,90.1,15
8/24/19 13:47,73.2,90.3,23
8/24/19 13:52,73.2,90.3,13.6
8/24/19 13:57,73.2,90.7,21.7
8/24/19 14:02,73,90.7,16.1
8/24/19 14:07,73.2,90.9,17
8/24/19 14:12,73.2,91,13.4
8/24/19 14:17,73.2,91,17.4
8/24/19 14:22,73.2,91.2,19.9
8/24/19 14:27,73.4,91.4,22.1
8/24/19 14:32,73.4,91.6,14.5
8/24/19 14:37,73.6,91.6,26.4
8/24/19 14:42,73.6,91.8,24.6
8/24/19 14:47,73.6,91.9,13
8/24/19 14:52,73.8,91.9,19.7
8/24/19 14:57,73.8,92.1,22.1
8/24/19 15:02,73.8,92.1,21.3
8/24/19 15:07,73.9,92.3,14.3
8/24/19 15:12,74.1,92.5,20.1
8/24/19 15:17,74.5,92.5,26.8
8/24/19 15:22,74.8,92.5,13.6
8/24/19 15:27,75.2,92.5,21.7
8/24/19 15:32,75.6,92.7,20.1
8/24/19 15:37,75.9,92.8,19
8/24/19 15:42,76.3,92.8,12.3
8/24/19 15:47,76.3,93,18.3
8/24/19 15:52,76.3,93,16.6
8/24/19 15:57,76.3,93.2,21.5
8/24/19 16:02,76.3,93.2,20.6
8/24/19 16:07,76.1,93.2,13.6
8/24/19 16:12,76.1,93.4,13.6
8/24/19 16:17,75.9,93.6,22.1
8/24/19 16:22,75.9,93.7,20.1
8/24/19 16:27,75.9,93.7,17.4
8/24/19 16:32,75.7,93.9,17.7
8/24/19 16:37,75.6,93.9,17.7
8/24/19 16:42,75.6,94.1,23.7
8/24/19 16:47,75.4,94.1,15
8/24/19 16:52,75.4,94.1,20.6
8/24/19 16:57,75.4,94.3,25.3
8/24/19 17:02,75.2,94.3,22.4
8/24/19 17:07,75.2,94.3,21.5
8/24/19 17:12,75,94.1,13
8/24/19 17:17,75,94.3,16.8
8/24/19 17:22,75,94.1,19.2
8/24/19 17:27,74.8,94.1,20.1
8/24/19 17:32,74.8,94.3,15.2
8/24/19 17:37,74.8,94.3,20.6
8/24/19 17:42,74.8,94.3,21.3
8/24/19 17:47,75,94.1,23.3
8/24/19 17:52,75,94.1,21.5
8/24/19 17:57,75,94.1,20.1
8/24/19 18:02,74.8,93.9,20.6
8/24/19 18:07,74.8,93.9,16.8
8/24/19 18:12,75,93.9,20.8
8/24/19 18:17,75.6,93.9,15.4
8/24/19 18:22,76.1,93.7,22.8
8/24/19 18:27,76.3,93.6,20.1
8/24/19 18:32,76.3,93.4,17
8/24/19 18:37,76.1,93.4,16.6
8/24/19 18:42,75.9,93.2,12.8
8/24/19 18:47,75.7,93,5.8
8/24/19 18:52,75.4,93,19
8/24/19 18:57,75.2,92.8,13.6
8/24/19 19:02,75,92.8,8.9
8/24/19 19:07,74.8,92.5,22.8
8/24/19 19:12,74.5,92.3,14.5
8/24/19 19:17,74.3,92.1,12.8
8/24/19 19:22,74.1,91.8,13
8/24/19 19:27,73.8,91.6,13
8/24/19 19:32,73.6,91.4,9.2
8/24/19 19:37,73.2,91.2,11.2
8/24/19 19:42,73,91,8.9
8/24/19 19:47,72.7,90.7,9.2
8/24/19 19:52,72.3,90.5,13.4
8/24/19 19:57,72.1,90.1,8.9
8/24/19 20:02,72,89.6,10.5
8/24/19 20:07,71.8,89.2,20.8
8/24/19 20:12,71.4,88.9,26.2
8/24/19 20:17,71.4,88.5,20.6
8/24/19 20:22,71.2,88.2,22.8
8/24/19 20:27,71.2,88,16.8
8/24/19 20:32,71.1,87.8,15.2
8/24/19 20:37,70.9,87.6,15.4
8/24/19 20:42,70.7,87.3,17.4
8/24/19 20:47,70.5,86.9,15.4
8/24/19 20:52,70.3,86.5,19.9
8/24/19 20:57,70.2,86.4,17
8/24/19 21:02,69.8,86.2,15
8/24/19 21:07,69.8,86,19.7
8/24/19 21:12,70,86,19
8/24/19 21:17,70,85.8,19
8/24/19 21:22,70,85.8,20.6
8/24/19 21:27,70.3,85.8,21.3
8/24/19 21:32,70.5,85.8,18.6
8/24/19 21:37,70.9,85.6,16.6
8/24/19 21:42,71.2,85.6,21.3
8/24/19 21:47,71.4,85.8,19.9
8/24/19 21:52,71.8,85.6,15.2
8/24/19 21:57,72,85.5,13
8/24/19 22:02,72.3,85.3,19
8/24/19 22:07,72.9,85.3,18.3
8/24/19 22:12,73.4,85.1,18.1
8/24/19 22:17,73.8,84.7,17.4
8/24/19 22:22,74.1,84.6,19.7
8/24/19 22:27,74.5,84.4,16.6
8/24/19 22:32,74.8,84.2,19
8/24/19 22:37,75,83.8,14.3
8/24/19 22:42,75.2,83.5,11.4
8/24/19 22:47,75.4,83.1,5.6
8/24/19 22:52,75.6,82.9,5.6
8/24/19 22:57,75.6,82.6,5.1
8/24/19 23:02,75.7,82.2,4.9
8/24/19 23:07,75.9,82,5.6
8/24/19 23:12,76.1,81.9,2
8/24/19 23:17,76.1,81.5,6
8/24/19 23:22,76.3,81.1,9.6
8/24/19 23:27,76.3,80.8,5.8
8/24/19 23:32,76.3,80.2,4.5
8/24/19 23:37,76.5,79.9,5.1
8/24/19 23:42,76.5,79.5,0
8/24/19 23:47,76.6,79.5,3.6
8/24/19 23:52,76.6,79.5,1.8
8/24/19 23:57,76.6,79.7,0
8/25/19 0:02,76.6,79.9,2.7
8/25/19 0:07,76.6,80.2,3.6
8/25/19 0:12,76.8,80.6,2.5
8/25/19 0:17,76.8,80.6,0.2
8/25/19 0:22,76.8,80.6,0
8/25/19 0:27,76.8,80.6,0
8/25/19 0:32,76.8,80.4,0.4
8/25/19 0:37,76.8,80.1,6
8/25/19 0:42,76.8,79.5,5.1
8/25/19 0:47,76.8,79.2,6.5
8/25/19 0:52,76.6,78.8,8.3
8/25/19 0:57,76.1,78.3,5.8
8/25/19 1:02,75.2,77.7,3.6
8/25/19 1:07,74.3,77.2,1.3
8/25/19 1:12,73.6,77,0
8/25/19 1:17,73.2,76.6,2.7
8/25/19 1:22,72.9,76.1,10.3
8/25/19 1:27,72.3,75.7,6.7
8/25/19 1:32,72,75.4,7.2
8/25/19 1:37,71.8,75.2,8.1
8/25/19 1:42,71.6,75.2,6.5
8/25/19 1:47,71.2,75,7.4
8/25/19 1:52,70.9,75,6.7
8/25/19 1:57,70.7,74.7,1.3
8/25/19 2:02,70.7,74.5,4.3
8/25/19 2:07,70.5,74.3,7.4
8/25/19 2:12,70.2,74.1,2.5
8/25/19 2:17,70.2,73.9,5.6
8/25/19 2:22,70,73.9,7.4
8/25/19 2:27,69.8,73.9,6.7
8/25/19 2:32,69.6,73.8,7.6
8/25/19 2:37,69.6,73.8,5.1
8/25/19 2:42,69.4,73.6,7.6
8/25/19 2:47,69.3,73.4,10.7
8/25/19 2:52,69.3,73.2,8.7
8/25/19 2:57,69.3,72.9,4.5
8/25/19 3:02,69.1,72.5,6
8/25/19 3:07,68.9,72.1,5.1
8/25/19 3:12,68.9,72,4
8/25/19 3:17,68.7,71.8,4
8/25/19 3:22,68.5,71.6,6
8/25/19 3:27,68.5,71.6,6.7
8/25/19 3:32,68.5,71.6,4
8/25/19 3:37,68.4,71.4,7.4
8/25/19 3:42,68.2,71.2,6.7
8/25/19 3:47,68.2,71.4,5.1
8/25/19 3:52,68.2,71.2,3.4
8/25/19 3:57,68,71.1,2.5
8/25/19 4:02,67.8,71.2,5.8
8/25/19 4:07,68,71.4,5.1
8/25/19 4:12,67.8,71.6,8.3
8/25/19 4:17,67.6,71.6,8.1
8/25/19 4:22,67.6,71.4,4.3
8/25/19 4:27,67.6,71.4,9.2
8/25/19 4:32,67.6,71.4,10.5
8/25/19 4:37,67.5,71.2,10.5
8/25/19 4:42,67.5,71.2,10.5
8/25/19 4:47,67.5,71.4,11.9
8/25/19 4:52,67.5,71.4,8.9
8/25/19 4:57,67.3,71.4,5.8
8/25/19 5:02,67.3,71.4,7.4
8/25/19 5:07,67.5,71.2,5.8
8/25/19 5:12,67.3,71.1,10.3
8/25/19 5:17,67.3,70.9,9.2
8/25/19 5:22,67.3,70.7,10.3
8/25/19 5:27,67.3,70.5,8.1
8/25/19 5:32,67.1,70.3,0.4
8/25/19 5:37,67.1,70.3,4.5
8/25/19 5:42,67.1,70.3,7.2
8/25/19 5:47,67.1,70.3,5.8
8/25/19 5:52,67.1,70.5,8.1
8/25/19 5:57,66.9,70.5,8.7
8/25/19 6:02,67.1,70.3,12.1
8/25/19 6:07,66.9,70.5,9.8
8/25/19 6:12,66.9,70.3,10.7
8/25/19 6:17,66.9,70.2,12.1
8/25/19 6:22,66.9,70.2,8.7
8/25/19 6:27,66.9,70.2,8.1
8/25/19 6:32,66.7,70.2,9.8
8/25/19 6:37,66.9,70.3,7.6
8/25/19 6:42,66.9,70.5,7.2
8/25/19 6:47,66.9,70.7,6.7
8/25/19 6:52,66.9,70.7,8.7
8/25/19 6:57,67.1,70.9,6.7
8/25/19 7:02,67.1,71.1,2.5
8/25/19 7:07,67.3,71.1,6.5
8/25/19 7:12,67.3,71.2,9.8
8/25/19 7:17,67.5,71.2,10.3
8/25/19 7:22,67.6,71.4,8.9
8/25/19 7:27,67.6,71.6,14.3
8/25/19 7:32,68,71.8,4
8/25/19 7:37,68.2,72,12.3
8/25/19 7:42,68.4,72.1,12.1
8/25/19 7:47,68.5,72.3,7.6
8/25/19 7:52,68.9,72.5,6.5
8/25/19 7:57,69.1,72.9,5.8
8/25/19 8:02,69.3,73,6.7
8/25/19 8:07,69.4,73.4,8.9
8/25/19 8:12,69.6,73.8,5.8
8/25/19 8:17,69.8,74.1,11.9
8/25/19 8:22,69.8,74.7,14.3
8/25/19 8:27,69.8,75,8.1
8/25/19 8:32,70,75.6,8.7
8/25/19 8:37,70.2,76.1,16.1
8/25/19 8:42,70.2,76.5,13.6
8/25/19 8:47,70.3,76.6,17
8/25/19 8:52,70.7,76.8,13.4
8/25/19 8:57,70.7,77,19.9
8/25/19 9:02,70.9,77.2,16.8
8/25/19 9:07,71.1,77.4,14.5
8/25/19 9:12,71.2,77.4,20.6
8/25/19 9:17,71.4,77.5,21.5
8/25/19 9:22,71.6,77.7,19.7
8/25/19 9:27,71.8,77.9,18.1
8/25/19 9:32,72.1,78.3,13.9
8/25/19 9:37,72.1,78.4,10.5
8/25/19 9:42,72.1,78.8,11.4
8/25/19 9:47,72.3,79.2,17.4
8/25/19 9:52,72.5,79.3,16.8
8/25/19 9:57,72.3,79.5,15.9
8/25/19 10:02,72.7,79.5,15.4
8/25/19 10:07,72.9,79.5,18.3
8/25/19 10:12,73,79.7,15.2
8/25/19 10:17,73,79.7,20.1
8/25/19 10:22,73,80.1,21.3
8/25/19 10:27,73.2,80.2,14.5
8/25/19 10:32,73.2,80.6,21.5
8/25/19 10:37,73.2,80.8,17.4
8/25/19 10:42,73.6,81,18.6
8/25/19 10:47,73.8,81.1,21.5
8/25/19 10:52,73.8,81.3,18.1
8/25/19 10:57,73.8,81.5,21.7
8/25/19 11:02,73.8,81.7,20.6
8/25/19 11:07,73.9,81.9,19.2
8/25/19 11:12,73.8,82,20.1
8/25/19 11:17,73.6,82.2,19
8/25/19 11:22,73.6,82.2,21.7
8/25/19 11:27,73.6,82.4,19
8/25/19 11:32,73.8,82.6,16.1
8/25/19 11:37,73.6,82.8,20.6
8/25/19 11:42,73.2,82.9,13.9
8/25/19 11:47,72.9,83.1,23.7
8/25/19 11:52,72.7,83.5,17
8/25/19 11:57,72.3,83.7,22.1
8/25/19 12:02,72,84.2,18.1
8/25/19 12:07,71.8,84.4,20.8
8/25/19 12:12,71.6,84.4,20.8
8/25/19 12:17,71.2,84.6,13.6
8/25/19 12:22,71.2,84.9,14.5
8/25/19 12:27,71.1,85.1,12.1
8/25/19 12:32,70.9,85.3,21.5
8/25/19 12:37,70.7,85.5,20.1
8/25/19 12:42,70.7,85.8,20.1
8/25/19 12:47,70.7,86,13.9
8/25/19 12:52,70.7,86.2,10.7
8/25/19 12:57,70.7,86.4,17.7
8/25/19 13:02,70.7,86.7,17.4
8/25/19 13:07,70.7,86.9,16.1
8/25/19 13:12,70.7,86.9,13.9
8/25/19 13:17,70.7,87.1,10.5
8/25/19 13:22,70.7,87.3,16.6
8/25/19 13:27,70.7,87.3,9.6
8/25/19 13:32,70.5,87.4,18.3
8/25/19 13:37,70.5,87.8,8.3
8/25/19 13:42,70.7,88,20.6
8/25/19 13:47,70.7,88.2,12.3
8/25/19 13:52,70.7,88.3,9.2
8/25/19 13:57,70.9,88.5,12.1
8/25/19 14:02,70.9,88.7,11.2
8/25/19 14:07,70.9,88.9,14.5
8/25/19 14:12,71.1,88.9,15.2
8/25/19 14:17,71.1,89.1,11.2
8/25/19 14:22,71.1,89.4,17.4
8/25/19 14:27,71.2,89.6,17.7
8/25/19 14:32,71.2,89.8,18.6
8/25/19 14:37,71.2,89.8,19
8/25/19 14:42,71.2,90,18.3
8/25/19 14:47,71.2,90.1,19.9
8/25/19 14:52,71.2,90.1,11.4
8/25/19 14:57,71.2,90.3,11.2
8/25/19 15:02,71.2,90.3,12.1
8/25/19 15:07,71.2,90.5,14.5
8/25/19 15:12,71.4,90.9,13
8/25/19 15:17,71.6,90.9,13.9
8/25/19 15:22,71.6,91,13
8/25/19 15:27,71.8,91,20.1
8/25/19 15:32,71.8,91.2,18.3
8/25/19 15:37,71.8,91.4,10.7
8/25/19 15:42,71.8,91.6,11.9
8/25/19 15:47,71.8,91.9,8.1
8/25/19 15:52,71.8,92.3,6.7
8/25/19 15:57,71.8,92.7,5.1
8/25/19 16:02,71.8,93.2,0.9
8/25/19 16:07,71.8,93.4,9.2
8/25/19 16:12,71.8,93.7,12.8
8/25/19 16:17,72,93.6,12.8
8/25/19 16:22,72,93.6,9.6
8/25/19 16:27,72,93.4,4.9
8/25/19 16:32,72,93.2,15.2
8/25/19 16:37,72,93.2,12.3
8/25/19 16:42,72,93,15.2
8/25/19 16:47,72,93,18.3
8/25/19 16:52,72,93.2,23.3
8/25/19 16:57,72,93,11.4
8/25/19 17:02,72.1,93,14.5
8/25/19 17:07,72,93,19.9
8/25/19 17:12,72.1,92.8,19.2
8/25/19 17:17,72,92.8,10.5
8/25/19 17:22,72,92.8,13
8/25/19 17:27,72,92.8,18.1
8/25/19 17:32,72.1,92.8,17.7
8/25/19 17:37,72.1,92.7,16.8
8/25/19 17:42,72.1,92.7,15.2
8/25/19 17:47,72.1,92.8,12.8
8/25/19 17:52,72.1,92.7,19.7
8/25/19 17:57,72,92.5,15.2
8/25/19 18:02,72,92.5,17.4
8/25/19 18:07,72.5,92.3,15.9
8/25/19 18:12,72.9,92.1,17
8/25/19 18:17,73.2,91.9,16.6
8/25/19 18:22,73.4,91.8,23
8/25/19 18:27,73.4,91.8,18.6
8/25/19 18:32,73.2,91.6,15
8/25/19 18:37,73.2,91.6,14.5
8/25/19 18:42,73.6,91.4,12.1
8/25/19 18:47,73.8,91.2,20.8
8/25/19 18:52,74.1,91,19.7
8/25/19 18:57,74.7,90.9,16.6
8/25/19 19:02,75.6,90.7,21.7
8/25/19 19:07,76.3,90.5,17
8/25/19 19:12,76.8,90.1,18.6
8/25/19 19:17,77.4,90,13.9
8/25/19 19:22,77.9,89.8,15.2
8/25/19 19:27,78.3,89.4,15.9
8/25/19 19:32,78.6,89.1,14.3
8/25/19 19:37,78.8,88.7,15.4
8/25/19 19:42,79,88.3,15.9
8/25/19 19:47,78.8,88.2,18.1
8/25/19 19:52,78.4,87.8,16.6
8/25/19 19:57,78.3,87.4,16.1
8/25/19 20:02,78.1,87.3,12.8
8/25/19 20:07,77.9,86.9,17.4
8/25/19 20:12,77.7,86.7,15.4
8/25/19 20:17,77.5,86.4,15
8/25/19 20:22,77.2,86.2,11.9
8/25/19 20:27,77,85.8,13
8/25/19 20:32,76.5,85.6,14.3
8/25/19 20:37,76.1,85.3,14.3
8/25/19 20:42,75.9,84.9,9.2
8/25/19 20:47,75.6,84.7,12.1
8/25/19 20:52,75.2,84.2,11.4
8/25/19 20:57,75,83.8,10.7
8/25/19 21:02,74.8,83.7,13.4
8/25/19 21:07,74.7,83.3,12.1
8/25/19 21:12,74.5,83.1,15.2
8/25/19 21:17,74.3,82.9,14.5
8/25/19 21:22,74.1,82.6,13.4
8/25/19 21:27,73.8,82.6,12.1
8/25/19 21:32,73.8,82.2,13.6
8/25/19 21:37,73.6,82,15
8/25/19 21:42,73.4,81.9,10.7
8/25/19 21:47,73,81.7,11.2
8/25/19 21:52,72.9,81.3,8.3
8/25/19 21:57,72.7,80.8,8.9
8/25/19 22:02,72.3,80.4,7.4
8/25/19 22:07,72.1,80.1,10.7
8/25/19 22:12,72,79.7,11.4
8/25/19 22:17,71.6,79.3,10.5
8/25/19 22:22,71.2,79.3,8.3
8/25/19 22:27,71.2,79.2,7.4
8/25/19 22:32,71.1,79.2,10.5
8/25/19 22:37,70.9,79,10.5
8/25/19 22:42,70.7,78.8,10.5
8/25/19 22:47,70.5,78.6,9.2
8/25/19 22:52,70.3,78.3,8.1
8/25/19 22:57,70.2,78.1,8.1
8/25/19 23:02,70,77.9,8.7
8/25/19 23:07,69.8,77.7,7.2
8/25/19 23:12,69.6,77.5,6
8/25/19 23:17,69.4,77.2,4
8/25/19 23:22,69.4,77,6
8/25/19 23:27,69.3,77,9.8
8/25/19 23:32,69.1,77,5.1
8/25/19 23:37,68.9,76.8,2.5
8/25/19 23:42,68.7,76.6,2.9
8/25/19 23:47,68.7,76.6,4
8/25/19 23:52,68.5,76.5,2.9
8/25/19 23:57,68.5,75.9,6
8/26/19 0:02,68.4,75.4,7.2
8/26/19 0:07,68.2,75.4,7.4
8/26/19 0:12,68.2,75.4,6.5
8/26/19 0:17,68.2,75.4,3.6
8/26/19 0:22,68.4,75.4,2.5
8/26/19 0:27,68.7,75.2,0
8/26/19 0:32,69.3,74.8,0
8/26/19 0:37,69.8,74.3,0.9
8/26/19 0:42,70,73.6,2.9
8/26/19 0:47,70.2,73,1.1
8/26/19 0:52,70,72.7,0
8/26/19 0:57,69.6,72.5,0
8/26/19 1:02,69.1,72.5,0
8/26/19 1:07,68.9,72.5,0
8/26/19 1:12,68.5,72.5,0
8/26/19 1:17,68.2,72.3,0
8/26/19 1:22,67.8,72.3,0
8/26/19 1:27,67.6,72.1,0.2
8/26/19 1:32,67.3,72,2
8/26/19 1:37,66.9,71.8,0.9
8/26/19 1:42,66.7,71.6,1.8
8/26/19 1:47,66.7,71.4,2.5
8/26/19 1:52,66.4,71.1,1.3
8/26/19 1:57,66.2,70.5,0
8/26/19 2:02,66,70,1.8
8/26/19 2:07,65.8,69.4,4.5
8/26/19 2:12,65.8,68.9,5.1
8/26/19 2:17,65.7,68.7,2.7
8/26/19 2:22,65.5,68.5,2.7
8/26/19 2:27,65.5,68.2,4.9
8/26/19 2:32,65.5,68,3.6
8/26/19 2:37,65.3,68,5.8
8/26/19 2:42,65.3,68,4
8/26/19 2:47,65.1,67.5,0
8/26/19 2:52,65.1,67.6,0
8/26/19 2:57,65.1,68.2,0
8/26/19 3:02,65.1,68.5,0
8/26/19 3:07,64.9,68.9,0
8/26/19 3:12,64.9,69.1,0
8/26/19 3:17,64.8,69.3,2.7
8/26/19 3:22,64.8,69.3,1.8
8/26/19 3:27,64.8,68.9,2.9
8/26/19 3:32,64.6,68.7,3.6
8/26/19 3:37,64.6,68.2,4.9
8/26/19 3:42,64.6,68.2,5.6
8/26/19 3:47,64.6,68,6.5
8/26/19 3:52,64.6,67.6,6.5
8/26/19 3:57,64.6,67.5,6
8/26/19 4:02,64.6,67.1,7.6
8/26/19 4:07,64.6,67.1,5.1
8/26/19 4:12,64.6,66.4,4.3
8/26/19 4:17,64.6,65.8,3.4
8/26/19 4:22,64.6,65.7,2.9
8/26/19 4:27,64.8,65.5,4.5
8/26/19 4:32,64.6,65.3,3.6
8/26/19 4:37,64.6,65.3,3.4
8/26/19 4:42,64.6,65.5,6.5
8/26/19 4:47,64.6,66,4.9
8/26/19 4:52,64.4,66.6,4.9
8/26/19 4:57,64.6,66.9,2.7
8/26/19 5:02,64.4,67.1,4.3
8/26/19 5:07,64.4,67.1,1.1
8/26/19 5:12,64.4,66.6,0
8/26/19 5:17,64.4,65.7,2.7
8/26/19 5:22,64.4,64.4,3.6
8/26/19 5:27,64.4,63.3,4
8/26/19 5:32,64.2,62.8,5.6
8/26/19 5:37,64.2,62.4,2.7
8/26/19 5:42,64.2,62.6,2
8/26/19 5:47,64.2,62.8,5.6
8/26/19 5:52,64,63,5.6
8/26/19 5:57,64,63.1,4.5
8/26/19 6:02,64,63,2.5
8/26/19 6:07,64,62.4,4.5
8/26/19 6:12,63.9,62.1,2
8/26/19 6:17,63.9,61.5,0
8/26/19 6:22,63.9,61,3.6
8/26/19 6:27,63.7,60.6,4.5
8/26/19 6:32,63.7,60.6,3.6
8/26/19 6:37,63.7,60.8,2.9
8/26/19 6:42,63.7,61,4
8/26/19 6:47,63.7,61.3,5.6
8/26/19 6:52,63.9,62.1,6.7
8/26/19 6:57,63.9,62.8,5.8
8/26/19 7:02,63.9,63.1,2.7
8/26/19 7:07,64,63.5,0.2
8/26/19 7:12,64.2,63.7,0.2
8/26/19 7:17,64.4,63.7,1.3
8/26/19 7:22,64.6,63.9,2.7
8/26/19 7:27,64.8,63.9,2.9
8/26/19 7:32,64.8,64,2.5
8/26/19 7:37,64.9,64.2,2.9
8/26/19 7:42,65.3,64.2,3.6
8/26/19 7:47,65.5,64.2,3.4
8/26/19 7:52,65.5,64,2.7
8/26/19 7:57,65.8,64,2.5
8/26/19 8:02,66,64,1.3
8/26/19 8:07,66.2,64.4,2.7
8/26/19 8:12,66.2,64.6,1.8
8/26/19 8:17,66.4,65.1,1.3
8/26/19 8:22,66.6,65.8,2.5
8/26/19 8:27,66.7,66.6,2.9
8/26/19 8:32,66.7,67.3,0
8/26/19 8:37,67.1,68.4,0
8/26/19 8:42,67.3,69.3,0
8/26/19 8:47,67.3,70.2,1.3
8/26/19 8:52,67.5,70.7,3.4
8/26/19 8:57,67.8,70.7,3.4
8/26/19 9:02,67.8,70.9,2.7
8/26/19 9:07,68,70.3,3.4
8/26/19 9:12,68.2,69.8,1.1
8/26/19 9:17,68.2,69.3,2.7
8/26/19 9:22,68.4,69.1,4.9
8/26/19 9:27,68.5,69.1,3.4
8/26/19 9:32,68.5,69.3,4
8/26/19 9:37,68.7,69.6,4.9
8/26/19 9:42,68.9,70.2,5.8
8/26/19 9:47,68.9,70.5,4.3
8/26/19 9:52,68.9,70.9,3.4
8/26/19 9:57,69.1,71.4,3.4
8/26/19 10:02,69.1,71.8,4.3
8/26/19 10:07,69.1,72.1,4.3
8/26/19 10:12,69.3,72.5,4
8/26/19 10:17,69.4,72.9,3.6
8/26/19 10:22,69.3,73.2,4.3
8/26/19 10:27,69.4,73.6,7.6
8/26/19 10:32,69.6,73.9,3.6
8/26/19 10:37,69.6,74.3,6.5
8/26/19 10:42,69.6,74.7,2.5
8/26/19 10:47,69.8,75,7.4
8/26/19 10:52,69.8,75.4,9.6
8/26/19 10:57,69.8,75.6,4.3
8/26/19 11:02,70,75.9,8.3
8/26/19 11:07,70,76.1,0
8/26/19 11:12,70.2,76.3,4.9
8/26/19 11:17,70.2,76.5,1.1
8/26/19 11:22,70.3,76.8,2.7
8/26/19 11:27,70.3,77.2,2.5
8/26/19 11:32,70.5,77.4,5.6
8/26/19 11:37,70.7,77.7,6.7
8/26/19 11:42,70.7,78.1,2.9
8/26/19 11:47,70.7,78.6,4.5
8/26/19 11:52,70.9,78.8,3.6
8/26/19 11:57,70.9,79.2,3.4
8/26/19 12:02,70.9,79.2,2.9
8/26/19 12:07,71.2,79.3,4.5
8/26/19 12:12,71.2,79.3,4.9
8/26/19 12:17,71.4,79.3,2.9
8/26/19 12:22,71.2,79.5,0
8/26/19 12:27,71.2,79.5,4.3
8/26/19 12:32,71.4,79.9,1.8
8/26/19 12:37,71.4,80.1,3.6
8/26/19 12:42,71.4,80.4,7.6
8/26/19 12:47,71.4,80.6,0.4
8/26/19 12:52,71.2,80.8,10.3
8/26/19 12:57,71.2,81,7.2
8/26/19 13:02,71.1,81.1,5.8
8/26/19 13:07,71.1,81.5,1.1
8/26/19 13:12,71.1,81.5,4.3
8/26/19 13:17,71.4,81.7,4.3
8/26/19 13:22,71.8,81.9,8.3
8/26/19 13:27,72.1,82,12.1
8/26/19 13:32,72.5,82,2.5
8/26/19 13:37,72.9,82.2,9.6
8/26/19 13:42,73.2,82.4,3.6
8/26/19 13:47,73.6,82.6,2.7
8/26/19 13:52,73.8,82.8,10.3
8/26/19 13:57,74.1,83.1,4
8/26/19 14:02,74.7,83.3,6
8/26/19 14:07,75,83.5,7.4
8/26/19 14:12,75.4,83.5,8.1
8/26/19 14:17,75.9,83.7,3.6
8/26/19 14:22,76.1,83.7,8.1
8/26/19 14:27,76.3,83.7,5.8
8/26/19 14:32,76.5,83.8,9.8
8/26/19 14:37,76.3,84,5.8
8/26/19 14:42,76.1,84.2,5.6
8/26/19 14:47,75.7,84.6,6
8/26/19 14:52,75.6,84.9,3.4
8/26/19 14:57,75.2,85.3,4.5
8/26/19 15:02,75,85.3,8.1
8/26/19 15:07,74.7,85.5,4
8/26/19 15:12,74.5,85.6,5.8
8/26/19 15:17,74.3,85.8,4.5
8/26/19 15:22,74.1,86,5.6
8/26/19 15:27,73.8,86.4,0
8/26/19 15:32,73.6,86.5,9.2
8/26/19 15:37,73.4,86.7,4.5
8/26/19 15:42,73.2,86.7,5.6
8/26/19 15:47,73.2,86.7,5.6
8/26/19 15:52,73,86.9,1.1
8/26/19 15:57,72.9,86.9,3.6
8/26/19 16:02,72.7,86.7,0
8/26/19 16:07,72.5,87.3,1.3
8/26/19 16:12,72.5,87.6,5.6
8/26/19 16:17,72.3,87.8,1.3
8/26/19 16:22,72.3,87.8,2.9
8/26/19 16:27,72.1,88,5.1
8/26/19 16:32,72,88,0.9
8/26/19 16:37,72,87.8,1.1
8/26/19 16:42,72,87.8,0.4
8/26/19 16:47,72.1,88,2.5
8/26/19 16:52,72.1,88.2,9.8
8/26/19 16:57,72.1,88.2,9.6
8/26/19 17:02,72.3,88.2,4
8/26/19 17:07,72.1,88.3,8.7
8/26/19 17:12,72.3,88.2,4.5
8/26/19 17:17,72.1,88.2,8.9
8/26/19 17:22,72.1,88,6
8/26/19 17:27,72,88,10.5
8/26/19 17:32,72,87.8,10.7
8/26/19 17:37,71.8,87.8,13.6
8/26/19 17:42,71.8,87.8,8.7
8/26/19 17:47,71.6,87.6,8.9
8/26/19 17:52,71.6,87.6,7.6
8/26/19 17:57,71.4,87.6,8.9
8/26/19 18:02,71.2,87.6,9.6
8/26/19 18:07,71.2,87.6,10.5
8/26/19 18:12,71.1,87.6,8.3
8/26/19 18:17,71.1,87.6,12.1
8/26/19 18:22,71.1,87.6,11.2
8/26/19 18:27,70.9,87.4,7.4
8/26/19 18:32,70.9,87.4,11.2
8/26/19 18:37,70.9,87.3,8.7
8/26/19 18:42,70.7,87.3,12.1
8/26/19 18:47,70.7,87.3,8.3
8/26/19 18:52,70.5,87.1,5.1
8/26/19 18:57,70.3,86.9,5.8
8/26/19 19:02,70.3,86.9,7.2
8/26/19 19:07,70.2,86.7,7.6
8/26/19 19:12,70,86.5,6
8/26/19 19:17,70.2,86.2,5.6
8/26/19 19:22,70.2,86,5.1
8/26/19 19:27,70.2,85.6,4
8/26/19 19:32,70.2,85.1,7.6
8/26/19 19:37,70.2,84.7,8.1
8/26/19 19:42,70.2,84.4,7.4
8/26/19 19:47,70.2,84.2,5.6
8/26/19 19:52,70.2,83.8,5.8
8/26/19 19:57,70.2,83.7,5.6
8/26/19 20:02,70,83.3,3.6
8/26/19 20:07,69.8,82.9,2.7
8/26/19 20:12,69.8,82.4,4.3
8/26/19 20:17,69.6,82,4
8/26/19 20:22,69.4,81.7,4.9
8/26/19 20:27,69.4,81.3,5.6
8/26/19 20:32,69.3,81.1,4.5
8/26/19 20:37,69.1,81.1,5.8
8/26/19 20:42,68.9,81.1,4.9
8/26/19 20:47,68.9,81.1,2.9
8/26/19 20:52,68.7,81,0.9
8/26/19 20:57,68.7,80.6,1.8
8/26/19 21:02,68.5,80.1,0.4
8/26/19 21:07,68.5,79.9,0
8/26/19 21:12,68.4,79.5,3.6
8/26/19 21:17,68.4,79,2
8/26/19 21:22,68.4,78.6,3.6
8/26/19 21:27,68.4,78.4,3.6
8/26/19 21:32,68.2,78.6,2.7
8/26/19 21:37,68.2,79,5.8
8/26/19 21:42,68,79.2,6.7
8/26/19 21:47,68,79.3,6.5
8/26/19 21:52,68.2,79.2,7.4
8/26/19 21:57,68.2,79.2,4
8/26/19 22:02,68,78.8,4.3
8/26/19 22:07,68,78.1,0.9
8/26/19 22:12,67.8,77.4,2.5
8/26/19 22:17,67.8,76.8,5.8
8/26/19 22:22,67.6,76.3,5.1
8/26/19 22:27,67.6,75.7,5.8
8/26/19 22:32,67.5,75.2,4.9
8/26/19 22:37,67.5,74.5,1.8
8/26/19 22:42,67.3,73.9,0.9
8/26/19 22:47,67.1,73.4,3.4
8/26/19 22:52,67.1,73,1.1
8/26/19 22:57,66.9,72.7,4
8/26/19 23:02,66.7,72.7,5.1
8/26/19 23:07,66.7,72.9,6
8/26/19 23:12,66.6,73,5.8
8/26/19 23:17,66.6,73,0.9
8/26/19 23:22,66.4,73,5.8
8/26/19 23:27,66.4,73.4,11.4
8/26/19 23:32,66.2,73.4,8.1
8/26/19 23:37,66,73.4,5.1
8/26/19 23:42,66,73.4,5.1
8/26/19 23:47,66,73.2,2.5
8/26/19 23:52,65.8,73,0.2
8/26/19 23:57,65.8,72.5,2.9
8/27/19 0:02,65.8,72.1,2
8/27/19 0:07,65.8,71.8,2.5
8/27/19 0:12,65.7,71.6,2
8/27/19 0:17,65.7,71.4,5.6
8/27/19 0:22,65.7,71.1,6.7
8/27/19 0:27,65.5,70.9,7.4
8/27/19 0:32,65.5,70.5,6.5
8/27/19 0:37,65.3,70.3,6.7
8/27/19 0:42,65.3,70.2,4.9
8/27/19 0:47,65.3,70.2,5.1
8/27/19 0:52,65.3,70.3,6.5
8/27/19 0:57,65.3,70.5,4.9
8/27/19 1:02,65.3,70.5,1.3
8/27/19 1:07,65.3,70.3,0.9
8/27/19 1:12,65.1,70.2,1.1
8/27/19 1:17,65.1,69.8,2.7
8/27/19 1:22,65.1,69.4,4.5
8/27/19 1:27,65.1,69.1,4.3
8/27/19 1:32,65.1,68.7,2.9
8/27/19 1:37,65.1,68.7,4.3
8/27/19 1:42,65.1,68.9,3.4
8/27/19 1:47,65.1,69.1,2
8/27/19 1:52,65.1,69.3,2.7
8/27/19 1:57,65.1,69.4,3.4
8/27/19 2:02,65.1,69.6,4.5
8/27/19 2:07,65.1,69.6,5.1
8/27/19 2:12,64.9,69.6,5.1
8/27/19 2:17,64.9,69.4,4.5
8/27/19 2:22,64.9,69.3,4.9
8/27/19 2:27,64.9,69.1,4.3
8/27/19 2:32,64.9,68.7,1.3
8/27/19 2:37,64.9,68.4,2
8/27/19 2:42,64.9,68.2,2.5
8/27/19 2:47,64.8,68,2.7
8/27/19 2:52,64.9,67.8,4
8/27/19 2:57,64.8,67.6,6.7
8/27/19 3:02,64.8,67.6,6.5
8/27/19 3:07,64.8,67.6,5.1
8/27/19 3:12,64.6,67.8,4.9
8/27/19 3:17,64.6,67.6,4.5
8/27/19 3:22,64.4,67.8,6
8/27/19 3:27,64.4,68,4.3
8/27/19 3:32,64.4,68,5.1
8/27/19 3:37,64.4,68,2.5
8/27/19 3:42,64.4,67.5,0
8/27/19 3:47,64.2,67.1,0
8/27/19 3:52,64.2,66.2,0
8/27/19 3:57,64.2,65.5,1.3
8/27/19 4:02,64.2,64.9,3.6
8/27/19 4:07,64.2,64.4,1.3
8/27/19 4:12,64,64.2,2.5
8/27/19 4:17,64,64.4,0.9
8/27/19 4:22,64,64.4,0
8/27/19 4:27,64,64.2,2
8/27/19 4:32,63.9,63.9,2.9
8/27/19 4:37,63.9,63.7,2.5
8/27/19 4:42,63.9,63.5,2.5
8/27/19 4:47,63.7,63.5,1.8
8/27/19 4:52,63.7,63.7,2.5
8/27/19 4:57,63.7,64,0.2
8/27/19 5:02,63.5,64,0.2
8/27/19 5:07,63.5,64,2
8/27/19 5:12,63.3,64,2.7
8/27/19 5:17,63.3,64,3.4
8/27/19 5:22,63.3,63.9,6
8/27/19 5:27,63.1,63.7,5.1
8/27/19 5:32,63.1,63.5,5.8
8/27/19 5:37,63.1,63.1,6
8/27/19 5:42,63.1,63,5.6
8/27/19 5:47,63,63,4.3
8/27/19 5:52,63,62.8,4.3
8/27/19 5:57,63,62.6,5.6
8/27/19 6:02,63,62.8,4.5
8/27/19 6:07,63,62.8,4
8/27/19 6:12,62.8,62.8,2.7
8/27/19 6:17,62.8,62.8,2
8/27/19 6:22,62.8,62.8,2.5
8/27/19 6:27,62.6,62.8,2.7
8/27/19 6:32,62.6,62.8,2.7
8/27/19 6:37,62.6,62.8,4
8/27/19 6:42,62.6,62.8,4.3
8/27/19 6:47,62.6,63,2.5
8/27/19 6:52,62.8,63,0.9
8/27/19 6:57,62.8,63.1,1.1
8/27/19 7:02,63,63.3,0
8/27/19 7:07,63,63.5,2.5
8/27/19 7:12,63.1,63.7,0.4
8/27/19 7:17,63.3,63.7,0.9
8/27/19 7:22,63.5,63.7,0
8/27/19 7:27,63.7,63.5,0
8/27/19 7:32,63.9,63.3,0
8/27/19 7:37,64.2,63.1,0
8/27/19 7:42,64.4,63.1,1.8
8/27/19 7:47,64.6,63.3,2.7
8/27/19 7:52,64.8,63.7,4
8/27/19 7:57,65.1,64,2
8/27/19 8:02,65.3,64.6,5.1
8/27/19 8:07,65.5,65.3,3.4
8/27/19 8:12,65.7,66,4
8/27/19 8:17,65.8,66.6,4.9
8/27/19 8:22,66,67.3,4.3
8/27/19 8:27,66.2,68,3.4
8/27/19 8:32,66.4,68.5,6
8/27/19 8:37,66.6,68.9,4.9
8/27/19 8:42,66.7,69.1,7.6
8/27/19 8:47,66.9,69.1,7.4
8/27/19 8:52,67.1,69.1,7.2
8/27/19 8:57,67.1,69.1,5.8
8/27/19 9:02,67.3,68.9,5.8
8/27/19 9:07,67.5,68.9,7.4
8/27/19 9:12,67.5,68.9,3.6
8/27/19 9:17,67.5,69.3,4
8/27/19 9:22,67.6,69.4,2.9
8/27/19 9:27,67.8,70,3.4
8/27/19 9:32,68,70.3,2.5
8/27/19 9:37,68.4,71.1,3.6
8/27/19 9:42,68.5,71.8,2.9
8/27/19 9:47,68.7,72.5,2.9
8/27/19 9:52,68.9,73.2,2.9
8/27/19 9:57,69.1,73.8,3.4
8/27/19 10:02,69.3,74.3,2.9
8/27/19 10:07,69.3,74.8,2
8/27/19 10:12,69.4,75.4,1.1
8/27/19 10:17,69.4,75.9,0
8/27/19 10:22,69.6,76.1,1.1
8/27/19 10:27,69.8,76.6,0
8/27/19 10:32,69.8,77,0
8/27/19 10:37,69.8,77.2,0.2
8/27/19 10:42,70.2,77.4,2
8/27/19 10:47,70.2,77.5,1.8
8/27/19 10:52,70.3,77.9,3.4
8/27/19 10:57,70.5,78.4,2.9
8/27/19 11:02,70.7,78.8,1.1
8/27/19 11:07,70.7,79.2,4
8/27/19 11:12,70.9,79.5,0.9
8/27/19 11:17,71.2,79.7,3.4
8/27/19 11:22,71.4,79.9,4.9
8/27/19 11:27,71.6,80.1,4.5
8/27/19 11:32,71.8,80.4,3.6
8/27/19 11:37,72,80.4,3.6
8/27/19 11:42,72,80.6,8.3
8/27/19 11:47,72,80.8,0.2
8/27/19 11:52,71.8,81,5.8
8/27/19 11:57,71.6,81.1,2.9
8/27/19 12:02,71.6,81.3,6.7
8/27/19 12:07,71.6,81.5,8.3
8/27/19 12:12,71.4,81.7,3.4
8/27/19 12:17,71.2,82,6.5
8/27/19 12:22,71.1,82.2,2
8/27/19 12:27,70.9,82.4,7.6
8/27/19 12:32,70.7,82.4,7.2
8/27/19 12:37,70.5,82.6,4.3
8/27/19 12:42,70.3,82.8,9.2
8/27/19 12:47,70.3,82.8,7.6
8/27/19 12:52,70.2,82.9,1.1
8/27/19 12:57,70,83.3,8.9
8/27/19 13:02,70,83.5,7.2
8/27/19 13:07,69.8,83.8,8.7
8/27/19 13:12,69.8,84.4,5.1
8/27/19 13:17,69.8,84.6,4.5
8/27/19 13:22,69.6,84.9,7.4
8/27/19 13:27,69.6,85.1,0.9
8/27/19 13:32,69.6,85.6,5.8
8/27/19 13:37,69.6,86,4
8/27/19 13:42,69.6,86.2,5.8
8/27/19 13:47,69.4,86.5,4
8/27/19 13:52,69.4,86.7,5.6
8/27/19 13:57,69.6,87.1,5.1
8/27/19 14:02,69.6,87.3,3.6
8/27/19 14:07,69.6,87.4,7.2
8/27/19 14:12,69.6,87.6,8.3
8/27/19 14:17,69.6,88,9.2
8/27/19 14:22,69.6,88.2,3.4
8/27/19 14:27,69.8,88.3,2.9
8/27/19 14:32,69.8,88.3,2.9
8/27/19 14:37,69.8,88.5,2
8/27/19 14:42,69.8,88.7,7.2
8/27/19 14:47,69.8,88.9,5.8
8/27/19 14:52,70,89.2,1.1
8/27/19 14:57,70,89.4,7.6
8/27/19 15:02,70,89.8,6
8/27/19 15:07,70,90,12.1
8/27/19 15:12,70.2,90.1,6
8/27/19 15:22,70.3,90.1,1.8
8/27/19 15:27,70.5,90.3,0.2
8/27/19 15:32,70.7,90.7,4.9
8/27/19 15:37,70.7,91,8.1
8/27/19 15:42,70.9,91.2,8.3
8/27/19 15:47,71.1,91.4,4
8/27/19 15:52,71.2,91.8,0.4
8/27/19 15:57,71.4,92.1,4.5
8/27/19 16:02,71.6,91.9,10.5
8/27/19 16:07,71.8,91.9,8.1
8/27/19 16:12,71.8,91.9,8.1
8/27/19 16:17,71.8,91.9,5.1
8/27/19 16:22,71.8,92.1,4.3
8/27/19 16:27,71.8,91.9,7.4
8/27/19 16:32,71.8,92.1,8.9
8/27/19 16:37,71.8,92.3,8.7
8/27/19 16:42,71.8,92.3,0
8/27/19 16:47,72,92.5,4.5
8/27/19 16:52,72,92.5,2.7
8/27/19 16:57,72.1,92.5,4.9
8/27/19 17:02,72.1,92.5,6.5
8/27/19 17:07,72.3,92.7,5.6
8/27/19 17:12,72.3,92.7,6.7
8/27/19 17:17,72.3,92.7,6
8/27/19 17:22,72.3,92.7,4
8/27/19 17:27,72.3,92.7,3.6
8/27/19 17:32,72.3,92.7,2.9
8/27/19 17:37,72.3,92.7,6.5
8/27/19 17:42,72.3,92.5,5.6
8/27/19 17:47,72.3,92.5,3.6
8/27/19 17:52,72.1,92.7,8.7
8/27/19 17:57,72.1,92.7,6.5
8/27/19 18:02,72,92.7,7.4
8/27/19 18:07,72,92.7,4
8/27/19 18:12,71.8,92.7,1.3
8/27/19 18:17,71.6,92.7,8.3
8/27/19 18:22,71.4,92.5,6.5
8/27/19 18:27,71.2,92.3,6.5
8/27/19 18:32,71.1,92.3,8.1
8/27/19 18:37,71.1,92.1,7.2
8/27/19 18:42,71.1,92.1,5.6
8/27/19 18:47,71.1,91.9,6.5
8/27/19 18:52,70.9,91.8,4.5
8/27/19 18:57,70.9,91.4,5.1
8/27/19 19:02,70.9,91.2,4.5
8/27/19 19:07,70.7,90.9,6
8/27/19 19:12,70.5,90.5,5.6
8/27/19 19:17,70.5,90.1,5.8
8/27/19 19:22,70.2,89.6,4.3
8/27/19 19:27,70,89.2,5.8
8/27/19 19:32,69.6,88.9,5.8
8/27/19 19:37,69.3,88.5,4.9
8/27/19 19:42,69.1,88.2,5.1
8/27/19 19:47,69.1,88,5.1
8/27/19 19:52,69.3,87.6,4
8/27/19 19:57,69.3,87.3,2
8/27/19 20:02,69.3,86.7,4
8/27/19 20:07,69.1,86.2,0.9
8/27/19 20:12,69.1,85.8,2
8/27/19 20:17,69.1,85.3,1.1
8/27/19 20:22,68.7,84.7,2.5
8/27/19 20:27,68.7,84.6,2.7
8/27/19 20:32,68.5,84.2,2.9
8/27/19 20:37,68.4,83.7,0.2
8/27/19 20:42,68.2,83.3,2.5
8/27/19 20:47,68.2,82.9,1.1
8/27/19 20:52,68,82.8,2
8/27/19 20:57,67.8,82.4,2.9
8/27/19 21:02,67.8,82.2,1.3
8/27/19 21:07,67.6,82,2.7
8/27/19 21:12,67.5,81.9,4.9
8/27/19 21:17,67.5,81.5,5.1
8/27/19 21:22,67.3,81,6.7
8/27/19 21:27,67.1,80.8,5.8
8/27/19 21:32,67.1,80.4,4.5
8/27/19 21:37,67.1,80.2,3.6
8/27/19 21:42,66.9,80.2,3.4
8/27/19 21:47,66.9,80.2,4.9
8/27/19 21:52,66.9,80.4,6
8/27/19 21:57,66.9,80.6,6.7
8/27/19 22:02,66.9,80.6,3.4
8/27/19 22:07,66.9,80.6,4.5
8/27/19 22:12,66.7,80.4,6.7
8/27/19 22:17,66.6,80.2,7.6
8/27/19 22:22,66.7,80.4,7.6
8/27/19 22:27,66.4,80.4,8.7
8/27/19 22:32,66.4,80.6,7.2
8/27/19 22:37,66.4,80.4,0
8/27/19 22:42,66.2,79.9,0.9
8/27/19 22:47,66,79.3,0.9
8/27/19 22:52,66.2,78.6,0
8/27/19 22:57,66,77.5,4
8/27/19 23:02,65.8,76.5,5.6
8/27/19 23:07,65.8,75.4,4.3
8/27/19 23:12,65.8,74.8,4.3
8/27/19 23:17,65.7,74.1,5.8
8/27/19 23:22,65.7,73.4,6.5
8/27/19 23:27,65.7,72.7,7.4
8/27/19 23:32,65.5,72.1,7.2
8/27/19 23:37,65.5,71.6,2.7
8/27/19 23:42,65.5,71.1,4.3
8/27/19 23:47,65.5,70.7,4
8/27/19 23:52,65.3,70.3,3.6
8/27/19 23:57,65.3,70.2,2.7
8/28/19 0:02,65.3,69.8,2.5
8/28/19 0:07,65.1,69.6,2.7
8/28/19 0:12,64.9,69.4,4
8/28/19 0:17,64.9,69.1,1.1
8/28/19 0:22,64.9,69.1,1.8
8/28/19 0:27,64.9,69.1,1.3
8/28/19 0:32,64.8,68.9,0
8/28/19 0:37,64.8,68.9,1.8
8/28/19 0:42,64.8,68.7,0.9
8/28/19 0:47,64.8,68.9,0.2
8/28/19 0:52,64.6,69.1,0
8/28/19 0:57,64.6,69.4,0
8/28/19 1:02,64.6,70,2.7
8/28/19 1:07,64.6,70.3,2.9
8/28/19 1:12,64.6,70.9,4
8/28/19 1:17,64.4,71.4,4.3
8/28/19 1:22,64.4,71.8,8.1
8/28/19 1:27,64.4,72,8.7
8/28/19 1:32,64.4,72.5,6.7
8/28/19 1:37,64.4,72.9,6.7
8/28/19 1:42,64.2,73.4,2.5
8/28/19 1:47,64.2,72.9,2.9
8/28/19 1:52,64.2,72.1,3.6
8/28/19 1:57,64.2,71.2,3.6
8/28/19 2:02,64.4,70.3,5.6
8/28/19 2:07,64.4,69.4,6.5
8/28/19 2:12,64.4,68.2,4.5
8/28/19 2:17,64.4,67.3,3.4
8/28/19 2:22,64.4,66.7,4
8/28/19 2:27,64.4,66.2,3.4
8/28/19 2:32,64.4,65.5,4.5
8/28/19 2:37,64.4,64.6,4.3
8/28/19 2:42,64.4,64,4.3
8/28/19 2:47,64.4,63.9,2.5
8/28/19 2:52,64.4,63.7,2.7
8/28/19 2:57,64.4,63.3,4.5
8/28/19 3:02,64.4,63,5.1
8/28/19 3:07,64.4,63,2.5
8/28/19 3:12,64.4,62.8,0
8/28/19 3:17,64.4,62.6,0
8/28/19 3:22,64.2,62.4,0
8/28/19 3:27,64.4,62.4,0
8/28/19 3:32,64.4,62.2,1.8
8/28/19 3:37,64.4,62.2,2.7
8/28/19 3:42,64.4,61.9,3.6
8/28/19 3:47,64.2,61.7,4.5
8/28/19 3:52,64.2,61.5,4
8/28/19 3:57,64.2,61.3,5.1
8/28/19 4:02,64.2,61.3,3.6
8/28/19 4:07,64,61.5,2.9
8/28/19 4:12,64,61.7,4
8/28/19 4:17,64,61.9,2.7
8/28/19 4:22,64,62.1,1.8
8/28/19 4:27,64,62.1,3.6
8/28/19 4:32,64,62.1,4.3
8/28/19 4:37,64,61.9,4
8/28/19 4:42,63.9,61.9,4.5
8/28/19 4:47,63.9,62.1,4
8/28/19 4:52,63.9,62.4,4.3
8/28/19 4:57,63.7,63,3.6
8/28/19 5:02,63.7,63.3,4
8/28/19 5:07,63.7,63.7,4
8/28/19 5:12,63.7,63.7,2.9
8/28/19 5:17,63.7,63.5,4.9
8/28/19 5:22,63.7,63.1,4
8/28/19 5:27,63.5,62.2,3.6
8/28/19 5:32,63.5,61.5,2.7
8/28/19 5:37,63.5,61,0
8/28/19 5:42,63.5,60.4,0
8/28/19 5:47,63.5,60.1,0
8/28/19 5:52,63.5,59.7,1.8
8/28/19 5:57,63.3,59.5,2.5
8/28/19 6:02,63.3,59.9,1.1
8/28/19 6:07,63.3,60.4,0
8/28/19 6:12,63.1,61.2,0
8/28/19 6:17,63.1,61.7,0
8/28/19 6:22,63.1,62.2,0
8/28/19 6:27,63,62.8,1.1
8/28/19 6:32,63,63.9,0
8/28/19 6:37,63,64.6,0
8/28/19 6:42,62.8,64.8,1.3
8/28/19 6:47,62.8,64.8,1.3
8/28/19 6:52,62.8,64.4,2.5
8/28/19 6:57,62.8,64.2,2.7
8/28/19 7:02,62.8,63.5,2.5
8/28/19 7:07,62.8,63.1,1.1
8/28/19 7:12,62.8,63.1,1.3
8/28/19 7:17,62.8,63.9,4.5
8/28/19 7:22,63,65.1,2.5
8/28/19 7:27,63,66.4,1.3
8/28/19 7:32,63.1,67.1,1.1
8/28/19 7:37,63.3,67.6,0.2
8/28/19 7:42,63.7,67.8,0
8/28/19 7:47,64,67.5,0.9
8/28/19 7:52,64.2,67.1,0
8/28/19 7:57,64.4,66.7,0.9
8/28/19 8:02,64.8,66.7,0
8/28/19 8:07,64.9,66.7,0.9
8/28/19 8:12,65.1,67.1,2
8/28/19 8:17,65.3,67.5,2
8/28/19 8:22,65.5,67.8,0.9
8/28/19 8:27,65.8,68,2
8/28/19 8:32,65.8,68.4,3.6
8/28/19 8:37,66,68.4,2
8/28/19 8:42,66.2,68.5,1.8
8/28/19 8:47,66.2,68.9,1.3
8/28/19 8:52,66.4,69.4,1.1
8/28/19 8:57,66.6,70.2,0.9
8/28/19 9:02,66.7,71.4,1.8
8/28/19 9:07,66.7,72.5,0.2
8/28/19 9:12,66.9,73.8,0
8/28/19 9:17,67.3,74.8,0
8/28/19 9:22,67.3,75.9,0
8/28/19 9:27,67.5,76.6,3.6
8/28/19 9:32,67.6,76.6,3.4
8/28/19 9:37,67.8,76.8,2.5
8/28/19 9:42,68,77,1.8
8/28/19 9:47,68.2,77.2,1.8
8/28/19 9:52,68.4,77.2,0.4
8/28/19 9:57,68.4,77.4,3.4
8/28/19 10:02,68.7,77.9,2.5
8/28/19 10:07,68.7,78.3,0
8/28/19 10:12,68.9,78.8,3.6
8/28/19 10:17,69.1,79.2,1.3
8/28/19 10:22,69.3,79.5,3.6
8/28/19 10:27,69.1,79.9,2.9
8/28/19 10:32,69.3,80.2,2
8/28/19 10:37,69.4,80.6,1.1
8/28/19 10:42,69.4,80.6,0.9
8/28/19 10:47,69.4,80.6,1.3
8/28/19 10:52,69.8,80.8,4.3
8/28/19 10:57,69.8,81,3.4
8/28/19 11:02,69.8,81,2.7
8/28/19 11:09,69.8,82.2,1.3
8/28/19 11:27,70.3,83.5,3.6
8/28/19 11:32,70.3,83.7,4
8/28/19 11:37,70.5,83.8,2.5
8/28/19 11:42,70.5,84.2,0.2
8/28/19 11:59,71.1,85.6,4.3
8/28/19 12:04,71.6,85.8,5.8
8/28/19 12:09,72.1,86,4.5
8/28/19 12:14,72.5,86,6.7
8/28/19 12:19,72.7,86.2,3.4
8/28/19 12:24,72.9,86.4,3.4
8/28/19 12:29,73,86.9,3.4
8/28/19 12:34,73.2,87.3,2.7
8/28/19 12:39,73.2,87.4,4.9
8/28/19 12:44,73.2,88,4.9
8/28/19 12:49,73.2,88.3,4
8/28/19 12:54,73.2,88.9,11.2
8/28/19 12:59,73.2,89.1,6.7
8/28/19 13:04,73.2,89.4,6
8/28/19 13:09,73.2,90,7.6
8/28/19 13:14,73.2,90.3,6.5
8/28/19 13:19,73.2,90.7,6
8/28/19 13:24,73.4,91.2,2.5
8/28/19 13:29,73.4,91.8,7.2
8/28/19 13:34,73.4,92.3,8.7
8/28/19 13:39,73.6,92.7,9.6
8/28/19 13:44,73.8,93,8.7
8/28/19 13:49,73.9,93.4,3.6
8/28/19 13:54,74.3,93.6,7.2
8/28/19 13:59,74.3,93.6,5.6
8/28/19 14:04,74.5,93.7,2.5
8/28/19 14:09,74.7,93.9,4.3
8/28/19 14:14,74.7,93.9,6.5
8/28/19 14:19,74.7,94.1,4.5
8/28/19 14:24,74.8,94.3,7.6
8/28/19 14:29,74.8,94.5,6
8/28/19 14:34,75,94.6,6
8/28/19 14:39,75,95,6.5
8/28/19 14:44,75,95.2,1.3
8/28/19 14:49,75.2,95.2,7.6
8/28/19 14:54,75.2,95.2,4.5
8/28/19 14:59,75.2,95,8.7
8/28/19 15:04,75.2,95,11.4
8/28/19 15:09,75.2,95,1.8
8/28/19 15:14,75.2,95.2,4.3
8/28/19 15:19,75.4,95.5,5.6
8/28/19 15:24,75.4,95.7,8.1
8/28/19 15:29,75.4,95.9,5.1
8/28/19 15:34,75.4,95.9,6
8/28/19 15:39,75.6,96.1,4.3
8/28/19 15:44,75.6,95.9,4.9
8/28/19 15:49,75.6,95.7,8.7
8/28/19 15:54,75.6,95.7,4.5
8/28/19 15:59,75.6,95.7,8.9
8/28/19 16:04,75.6,95.9,4
8/28/19 16:09,75.6,95.9,9.8
8/28/19 16:14,75.6,95.9,8.3
8/28/19 16:19,75.4,95.7,6
8/28/19 16:24,75.4,95.7,3.6
8/28/19 16:29,75.2,95.7,4.9
8/28/19 16:34,75,95.7,5.1
8/28/19 16:39,75,95.7,2.5
8/28/19 16:44,74.8,95.7,5.8
8/28/19 16:49,74.8,95.5,3.6
8/28/19 16:54,74.7,95.5,3.6
8/28/19 16:59,74.7,95.5,1.8
8/28/19 17:04,74.5,95.4,3.6
8/28/19 17:09,74.3,95.4,2
8/28/19 17:14,74.1,95.4,0
8/28/19 17:19,73.9,95.4,0
8/28/19 17:24,73.8,95.4,3.6
8/28/19 17:29,73.6,95.2,0.2
8/28/19 17:34,73.4,95.2,2
8/28/19 17:39,73.4,95.2,2.5
8/28/19 17:44,73.2,95,1.8
8/28/19 17:49,73,95,2
8/28/19 17:54,73.2,94.8,4.5
8/28/19 17:59,73.8,94.8,12.3
8/28/19 18:04,74.1,94.5,19
8/28/19 18:09,74.3,94.1,13
8/28/19 18:14,74.1,93.9,15.4
8/28/19 18:19,73.9,93.6,14.5
8/28/19 18:24,73.8,93.2,12.1
8/28/19 18:29,73.6,93,9.8
8/28/19 18:34,73.4,92.8,11.9
8/28/19 18:39,73,92.7,9.8
8/28/19 18:44,73,92.5,15.4
8/28/19 18:49,73,92.5,15.4
8/28/19 18:54,72.9,92.3,10.5
8/28/19 18:59,72.7,92.1,13.4
8/28/19 19:04,72.5,91.9,5.8
8/28/19 19:09,72.3,91.8,7.4
8/28/19 19:14,72,91.6,8.7
8/28/19 19:19,71.8,91.4,12.3
8/28/19 19:24,71.6,91.2,11.2
8/28/19 19:29,71.4,90.9,10.5
8/28/19 19:34,71.1,90.7,16.1
8/28/19 19:39,71.1,90.5,14.5
8/28/19 19:44,71.1,90.3,12.1
8/28/19 19:49,71.1,90.1,11.4
8/28/19 19:54,71.1,90,15.2
8/28/19 19:59,70.9,89.8,9.8
8/28/19 20:04,70.7,89.6,12.3
8/28/19 20:09,70.5,89.4,7.2
8/28/19 20:14,70.2,89.1,4.5
8/28/19 20:19,70.2,88.9,7.6
8/28/19 20:24,70.2,88.5,11.4
8/28/19 20:29,70.3,88.2,12.3
8/28/19 20:34,70.3,87.8,11.4
8/28/19 20:39,70.2,87.4,6.7
8/28/19 20:44,70.2,87.3,8.7
8/28/19 20:49,70.2,87.4,8.3
8/28/19 20:54,70.2,87.3,6.5
8/28/19 20:59,70,87.3,10.5
8/28/19 21:04,70,87.3,7.6
8/28/19 21:09,70,87.1,1.8
8/28/19 21:14,69.8,86.7,8.7
8/28/19 21:19,69.6,86.2,10.3
8/28/19 21:24,69.4,85.8,9.8
8/28/19 21:29,69.1,85.5,6
8/28/19 21:34,69.1,85.3,2.9
8/28/19 21:39,69.3,85.1,0.2
8/28/19 21:44,69.4,84.9,0
8/28/19 21:49,69.6,84.7,2.7
8/28/19 21:54,69.4,84.7,3.6
8/28/19 21:59,69.3,84.6,7.4
8/28/19 22:04,69.3,84.7,2.5
8/28/19 22:09,69.4,84.7,1.8
8/28/19 22:14,69.3,84.7,0.4
8/28/19 22:19,68.9,84.7,0.4
8/28/19 22:24,68.9,84.7,0
8/28/19 22:29,68.9,84.6,5.1
8/28/19 22:34,68.7,84.6,5.8
8/28/19 22:39,68.4,84.4,4.5
8/28/19 22:44,68.2,84.2,9.8
8/28/19 22:49,68.4,84.2,9.2
8/28/19 22:54,68.2,84,6.5
8/28/19 22:59,67.8,84,4.5
8/28/19 23:04,67.6,83.8,11.2
8/28/19 23:09,67.8,83.8,5.8
8/28/19 23:14,67.8,83.5,9.6
8/28/19 23:19,67.6,83.3,10.3
8/28/19 23:24,67.5,83.1,15.9
8/28/19 23:29,67.5,82.6,15.2
8/28/19 23:34,67.6,82,10.7
8/28/19 23:39,67.5,81.5,17.4
8/28/19 23:44,67.3,81,14.5
8/28/19 23:49,67.5,80.6,12.3
8/28/19 23:54,67.5,80.2,19.2
8/28/19 23:59,67.3,79.9,19.2
8/29/19 0:04,67.5,79.5,14.5
8/29/19 0:09,67.6,79.5,23.3
8/29/19 0:14,67.5,79.2,11.4
8/29/19 0:19,67.5,79,14.5
8/29/19 0:24,67.5,78.8,19
8/29/19 0:29,67.6,78.6,16.8
8/29/19 0:34,67.5,78.4,15.2
8/29/19 0:39,67.5,78.1,13
8/29/19 0:44,67.6,78.1,20.6
8/29/19 0:49,67.5,78.1,12.1
8/29/19 0:54,67.5,78.1,18.3
8/29/19 0:59,67.6,78.1,13.6
8/29/19 1:04,67.5,78.1,9.6
8/29/19 1:09,67.3,77.9,9.6
8/29/19 1:14,67.3,77.9,14.3
8/29/19 1:19,67.5,77.7,17.7
8/29/19 1:24,67.3,77.5,13
8/29/19 1:29,67.1,77.4,14.5
8/29/19 1:34,67.3,77.2,7.6
8/29/19 1:39,67.5,77.2,11.2
8/29/19 1:44,67.3,77,14.3
8/29/19 1:49,67.5,76.8,15
8/29/19 1:54,67.8,76.6,7.4
8/29/19 1:59,68,76.5,8.7
8/29/19 2:04,68,76.1,15.9
8/29/19 2:09,68.2,75.7,14.3
8/29/19 2:14,68.2,75.6,15.2
8/29/19 2:19,68,75.4,15.4
8/29/19 2:24,67.8,75,16.8
8/29/19 2:29,68,75,15.2
8/29/19 2:34,68,75,14.5
8/29/19 2:39,67.6,74.8,13
8/29/19 2:44,67.6,74.7,17.4
8/29/19 2:49,67.8,74.7,17.4
8/29/19 2:54,67.5,74.8,14.5
8/29/19 2:59,67.5,74.8,11.9
8/29/19 3:04,67.5,74.7,15.9
8/29/19 3:09,67.5,74.7,11.9
8/29/19 3:14,67.3,74.7,13.9
8/29/19 3:19,67.3,74.5,14.5
8/29/19 3:24,67.5,74.1,14.3
8/29/19 3:29,67.3,73.9,15.4
8/29/19 3:34,67.1,73.6,14.3
8/29/19 3:39,67.1,73.2,15.2
8/29/19 3:44,67.3,72.9,15.9
8/29/19 3:49,67.1,72.5,16.8
8/29/19 3:54,66.9,72.1,13
8/29/19 3:59,67.1,72,14.5
8/29/19 4:04,67.1,71.6,16.1
8/29/19 4:09,66.9,71.4,17
8/29/19 4:14,66.9,71.4,20.8
8/29/19 4:19,66.9,71.2,13.4
8/29/19 4:24,66.9,71.2,15.9
8/29/19 4:29,66.7,71.4,19.9
8/29/19 4:34,66.7,71.6,14.5
8/29/19 4:39,66.7,71.6,9.2
8/29/19 4:44,66.6,71.6,8.7
8/29/19 4:49,66.4,71.4,11.2
8/29/19 4:54,66.6,71.4,12.3
8/29/19 4:59,66.7,71.1,12.1
8/29/19 5:04,66.4,70.7,9.2
8/29/19 5:09,66.4,70.3,11.9
8/29/19 5:14,66.6,70.2,15.2
8/29/19 5:19,66.6,70,10.3
8/29/19 5:24,66.2,70.2,8.3
8/29/19 5:29,66.2,70.5,9.8
8/29/19 5:34,66.4,70.9,13.9
8/29/19 5:39,66.2,71.4,10.5
8/29/19 5:44,66,71.8,18.6
8/29/19 5:49,66.2,72,14.5
8/29/19 5:54,66.2,71.8,8.3
8/29/19 5:59,66.2,71.4,9.8
8/29/19 6:04,66,71.1,8.3
8/29/19 6:09,66,70.7,10.3
8/29/19 6:14,66.2,70.7,9.8
8/29/19 6:19,65.8,70.7,9.8
8/29/19 6:24,65.8,70.7,13.4
8/29/19 6:29,66,70.7,11.2
8/29/19 6:34,66,70.7,12.3
8/29/19 6:39,65.8,70.7,15.4
8/29/19 6:44,65.8,70.5,12.3
8/29/19 6:49,66,70.3,13.9
8/29/19 6:54,66,70.2,12.8
8/29/19 6:59,66,70.2,11.4
8/29/19 7:04,66.2,70.3,9.2
8/29/19 7:09,66.4,70.5,11.9
8/29/19 7:14,66.4,70.7,10.5
8/29/19 7:19,66.4,71.1,13.4
8/29/19 7:24,66.6,71.4,9.6
8/29/19 7:29,66.7,71.8,12.8
8/29/19 7:34,66.9,72.1,9.2
8/29/19 7:39,66.9,72.3,11.4
8/29/19 7:44,67.3,72.7,12.1
8/29/19 7:49,67.5,72.9,15.9
8/29/19 7:54,67.6,73.2,11.2
8/29/19 7:59,67.8,73.4,16.1
8/29/19 8:04,68,73.8,14.3
8/29/19 8:09,68.2,73.9,15.2
8/29/19 8:14,68.2,74.3,17
8/29/19 8:19,68.2,74.7,10.7
8/29/19 8:24,68,74.8,15.4
8/29/19 8:29,68,75.2,15
8/29/19 8:34,68.2,75.4,12.3
8/29/19 8:39,68.4,75.7,12.8
8/29/19 8:44,68.5,75.9,9.6
8/29/19 8:49,68.5,76.3,12.1
8/29/19 8:54,68.4,76.6,16.1
8/29/19 8:59,68.2,76.8,13
8/29/19 9:04,68.2,77.2,12.1
8/29/19 9:09,68.4,77.5,13
8/29/19 9:14,68.5,77.9,19
8/29/19 9:19,68.9,78.3,16.8
8/29/19 9:24,68.9,78.4,14.5
8/29/19 9:29,68.7,78.8,14.5
8/29/19 9:34,68.7,79,10.3
8/29/19 9:39,68.5,79.3,13.6
8/29/19 9:44,68.4,79.5,14.5
8/29/19 9:49,68.2,79.7,17.7
8/29/19 9:54,68,79.9,10.5
8/29/19 9:59,68,80.2,15.2
8/29/19 10:04,67.8,80.4,15.9
8/29/19 10:09,67.6,80.6,16.1
8/29/19 10:14,67.5,80.6,16.6
8/29/19 10:19,67.5,81,16.1
8/29/19 10:24,67.3,81,16.1
8/29/19 10:29,67.3,81.1,18.3
8/29/19 10:34,67.3,81.5,18.6
8/29/19 10:39,67.3,81.9,15.9
8/29/19 10:44,67.1,82.2,17
8/29/19 10:49,67.1,82.6,20.6
8/29/19 10:54,67.3,82.8,18.3
8/29/19 10:59,67.3,82.9,26.4
8/29/19 11:04,67.5,83.3,17.4
8/29/19 11:09,67.5,83.5,15.4
8/29/19 11:14,67.5,83.7,23
8/29/19 11:19,67.5,83.7,16.1
8/29/19 11:24,67.5,83.8,17.4
8/29/19 11:29,67.6,84.2,15.4
8/29/19 11:34,67.6,84.4,21.3
8/29/19 11:39,67.6,84.6,16.6
8/29/19 11:44,67.8,84.9,19.2
8/29/19 11:49,68,85.3,15.9
8/29/19 11:54,68.2,85.6,15
8/29/19 11:59,68.5,85.8,18.3
8/29/19 12:04,68.9,86,22.1
8/29/19 12:09,69.4,86.2,22.1
8/29/19 12:14,69.8,86.2,21.7
8/29/19 12:19,70,86.4,20.1
8/29/19 12:24,70.2,86.5,20.1
8/29/19 12:29,70.3,86.7,13.6
8/29/19 12:34,70.3,86.7,14.5
8/29/19 12:39,70.3,86.9,18.1
8/29/19 12:44,70.5,87.1,4.3
8/29/19 12:49,70.5,87.1,13.6
8/29/19 12:54,70.5,87.3,10.7
8/29/19 12:59,70.5,87.3,5.1
8/29/19 13:04,70.7,87.4,4.5
8/29/19 13:09,70.7,87.4,9.6
8/29/19 13:14,70.7,87.6,10.3
8/29/19 13:19,70.9,87.8,15.4
8/29/19 13:24,70.9,88,10.3
8/29/19 13:29,71.1,88.2,12.1
8/29/19 13:34,71.1,88.3,6.7
8/29/19 13:39,71.1,88.3,13.4
8/29/19 13:44,71.1,88.3,3.4
8/29/19 13:49,71.2,88.3,11.4
8/29/19 13:54,71.2,88.3,10.5
8/29/19 13:59,71.2,88.3,5.8
8/29/19 14:04,71.2,88.5,8.1
8/29/19 14:09,71.2,88.7,12.1
8/29/19 14:14,71.2,88.9,8.9
8/29/19 14:19,71.2,89.2,11.9
8/29/19 14:24,71.2,89.4,23.3
8/29/19 14:29,71.2,89.4,9.8
8/29/19 14:34,71.4,89.6,13.4
8/29/19 14:39,71.4,89.4,13.4
8/29/19 14:44,71.4,89.6,17.7
8/29/19 14:49,71.4,89.6,17
8/29/19 14:54,71.4,89.8,18.6
8/29/19 14:59,71.4,90,14.3
8/29/19 15:04,71.6,90,13.4
8/29/19 15:09,71.6,90.1,10.5
8/29/19 15:14,71.6,90.3,12.8
8/29/19 15:19,71.6,90.3,15.9
8/29/19 15:24,71.6,90.5,17
8/29/19 15:29,71.6,90.5,23
8/29/19 15:34,71.6,90.5,14.5
8/29/19 15:39,71.6,90.7,25.3
8/29/19 15:44,71.6,90.5,16.8
8/29/19 15:49,71.6,90.5,11.2
8/29/19 15:54,71.8,90.7,15.4
8/29/19 15:59,71.8,90.7,11.4
8/29/19 16:04,71.8,90.9,11.9
8/29/19 16:09,71.8,90.9,11.4
8/29/19 16:14,71.8,91,14.5
8/29/19 16:19,71.8,91.2,14.3
8/29/19 16:24,71.8,91.2,15
8/29/19 16:29,71.8,91.2,19.2
8/29/19 16:34,71.8,91,10.7
8/29/19 16:39,71.8,91.2,12.3
8/29/19 16:44,71.8,91,10.3
8/29/19 16:49,71.8,91,13
8/29/19 16:54,71.6,91,10.5
8/29/19 16:59,71.6,91,15.9
8/29/19 17:04,71.6,91,8.7
8/29/19 17:09,71.6,91,14.5
8/29/19 17:14,71.6,91,22.4
8/29/19 17:19,71.6,91,12.8
8/29/19 17:24,71.4,90.9,14.3
8/29/19 17:29,71.4,90.9,20.6
8/29/19 17:34,71.2,90.9,7.6
8/29/19 17:39,71.2,90.7,13.4
8/29/19 17:44,71.1,90.7,17.7
8/29/19 17:49,71.1,90.5,12.8
8/29/19 17:54,70.9,90.5,17
8/29/19 17:59,70.7,90.3,16.8
8/29/19 18:04,70.7,90.3,17
8/29/19 18:09,70.5,90.1,13
8/29/19 18:14,70.7,90,16.1
8/29/19 18:19,70.7,90,15.4
8/29/19 18:24,70.7,89.8,12.3
8/29/19 18:29,70.7,89.6,11.2
8/29/19 18:34,71.1,89.4,15
8/29/19 18:39,71.4,89.4,14.5
8/29/19 18:44,72,89.2,16.1
8/29/19 18:49,72.5,89.1,18.6
8/29/19 18:54,73.2,88.9,11.9
8/29/19 18:59,73.6,88.5,19.9
8/29/19 19:04,73.9,88.3,9.8
8/29/19 19:09,73.9,88.2,9.8
8/29/19 19:14,73.8,87.8,12.3
8/29/19 19:19,73.6,87.4,11.2
8/29/19 19:24,73.2,87.1,9.6
8/29/19 19:29,72.9,86.7,10.7
8/29/19 19:34,72.3,86.4,11.9
8/29/19 19:39,72,86.2,11.4
8/29/19 19:44,71.6,85.8,13.9
8/29/19 19:49,71.1,85.5,11.4
8/29/19 19:54,70.7,85.3,12.8
8/29/19 19:59,70.3,85.1,11.2
8/29/19 20:04,70.2,84.7,13.4
8/29/19 20:09,69.8,84.6,9.2
8/29/19 20:14,69.6,84.2,8.9
8/29/19 20:19,69.4,83.8,8.1
8/29/19 20:24,69.4,83.3,5.1
8/29/19 20:29,69.4,82.9,7.4
8/29/19 20:34,69.4,82.6,7.2
8/29/19 20:39,69.4,82.2,8.7
8/29/19 20:44,69.4,82,10.7
8/29/19 20:49,69.6,81.9,12.8
8/29/19 20:54,69.6,81.7,12.8
8/29/19 20:59,69.4,81.5,15.2
8/29/19 21:04,69.1,81.3,12.1
8/29/19 21:09,69.1,81.1,12.8
8/29/19 21:14,69.1,80.8,16.6
8/29/19 21:19,69.1,80.6,10.5
8/29/19 21:24,68.9,80.4,10.3
8/29/19 21:29,68.9,80.2,17
8/29/19 21:34,68.9,80.1,12.3
8/29/19 21:39,68.7,79.9,12.8
8/29/19 21:44,68.5,79.7,12.8
8/29/19 21:49,68.5,79.5,13.4
8/29/19 21:54,68.7,79.3,14.5
8/29/19 21:59,68.5,79.2,12.1
8/29/19 22:04,68.4,79,11.9
8/29/19 22:09,68.5,79,13
8/29/19 22:14,68.5,78.6,10.3
8/29/19 22:19,68.4,78.4,8.1
8/29/19 22:24,68.4,78.3,8.3
8/29/19 22:29,68.4,78.1,10.5
8/29/19 22:34,68.4,77.7,8.1
8/29/19 22:39,68.2,77.5,8.9
8/29/19 22:44,68.2,77.2,9.2
8/29/19 22:49,68.4,77,9.8
8/29/19 22:54,68.2,77,7.4
8/29/19 22:59,68,77,13
8/29/19 23:04,68.2,76.8,11.9
8/29/19 23:09,68.2,76.6,15
8/29/19 23:14,68.2,76.5,19.7
8/29/19 23:19,68,76.3,22.4
8/29/19 23:24,68.2,75.9,17.7
8/29/19 23:29,68,75.7,15.4
8/29/19 23:34,67.8,75.6,19.2
8/29/19 23:39,67.8,75.6,22.1
8/29/19 23:44,67.8,75.6,11.4
8/29/19 23:49,67.8,75.7,15.9
8/29/19 23:54,67.6,75.9,15.4
8/29/19 23:59,67.6,76.1,9.2
8/30/19 0:04,67.6,76.1,9.2
8/30/19 0:09,67.5,75.9,11.2
8/30/19 0:14,67.3,75.9,8.9
8/30/19 0:19,67.3,75.7,11.2
8/30/19 0:24,67.3,75.6,11.2
8/30/19 0:29,67.1,75.2,9.6
8/30/19 0:34,67.1,75,15
8/30/19 0:39,67.1,75,23.7
8/30/19 0:44,67.1,74.8,9.8
8/30/19 0:49,66.9,74.8,13
8/30/19 0:54,66.7,74.7,13.4
8/30/19 0:59,66.9,74.7,14.3
8/30/19 1:04,66.9,74.5,12.1
8/30/19 1:09,66.7,74.3,11.9
8/30/19 1:14,66.7,74.1,9.2
8/30/19 1:19,66.7,73.9,8.3
8/30/19 1:24,66.6,73.6,8.9
8/30/19 1:29,66.4,73.4,6.7
8/30/19 1:34,66.6,73.2,12.1
8/30/19 1:39,66.6,73,8.3
8/30/19 1:44,66.4,72.9,13.4
8/30/19 1:49,66.4,72.7,7.2
8/30/19 1:54,66.2,72.7,3.4
8/30/19 1:59,66.4,72.5,6
8/30/19 2:04,66.2,72.3,2.7
8/30/19 2:09,66,72.1,1.1
8/30/19 2:14,66.2,71.8,0
8/30/19 2:19,66.2,71.6,0.9
8/30/19 2:24,66,71.4,0
8/30/19 2:29,66,71.2,0
8/30/19 2:34,66,71.1,1.8
8/30/19 2:39,65.8,71.1,2.5
8/30/19 2:44,65.7,71.1,5.6
8/30/19 2:49,65.7,70.9,3.4
8/30/19 2:54,65.7,71.1,4.9
8/30/19 2:59,65.7,71.2,10.5
8/30/19 3:04,65.5,71.1,8.7
8/30/19 3:09,65.5,70.9,8.9
8/30/19 3:14,65.5,70.7,9.8
8/30/19 3:19,65.5,70.5,6.7
8/30/19 3:24,65.3,70.2,9.2
8/30/19 3:29,65.3,69.8,10.5
8/30/19 3:34,65.3,69.8,12.1
8/30/19 3:39,65.3,69.6,9.2
8/30/19 3:44,65.1,69.6,8.9
8/30/19 3:49,65.3,69.6,12.3
8/30/19 3:54,65.3,69.4,11.2
8/30/19 3:59,65.1,69.3,10.7
8/30/19 4:04,65.1,68.9,10.3
8/30/19 4:09,65.1,68.5,11.2
8/30/19 4:14,65.1,68.2,12.1
8/30/19 4:19,65.1,68,13.6
8/30/19 4:24,64.9,67.6,15.9
8/30/19 4:29,64.9,67.5,16.6
8/30/19 4:34,64.9,67.5,12.1
8/30/19 4:39,65.1,67.5,12.1
8/30/19 4:44,64.9,67.8,8.7
8/30/19 4:49,64.8,68,8.1
8/30/19 4:54,64.9,68.4,7.2
8/30/19 4:59,64.9,68.5,4
8/30/19 5:04,64.8,68.7,4.3
8/30/19 5:09,64.8,68.7,2.5
8/30/19 5:14,64.8,68.7,0.2
8/30/19 5:19,64.8,68.4,0
8/30/19 5:24,64.8,68,5.1
8/30/19 5:29,64.6,67.5,2
8/30/19 5:34,64.6,67.3,6.5
8/30/19 5:39,64.6,67.1,5.8
8/30/19 5:44,64.6,66.9,2.9
8/30/19 5:49,64.6,66.7,4.5
8/30/19 5:54,64.6,66.7,8.9
8/30/19 5:59,64.4,66.7,1.3
8/30/19 6:04,64.4,66.6,0.2
8/30/19 6:09,64.4,66.4,2.5
8/30/19 6:14,64.4,66.4,7.2
8/30/19 6:19,64.4,66.2,10.3
8/30/19 6:24,64.4,66.2,12.8
8/30/19 6:29,64.4,66,8.9
8/30/19 6:34,64.2,65.8,5.1
8/30/19 6:39,64.2,65.8,5.1
8/30/19 6:44,64.4,65.7,5.8
8/30/19 6:49,64.4,65.5,1.8
8/30/19 6:54,64.6,65.5,3.6
8/30/19 6:59,64.6,65.3,0
8/30/19 7:04,64.8,65.5,3.6
8/30/19 7:09,64.8,65.7,0.2
8/30/19 7:14,64.9,65.8,3.4
8/30/19 7:19,65.1,65.8,0
8/30/19 7:24,65.3,65.8,4.3
8/30/19 7:29,65.3,65.7,4.5
8/30/19 7:34,65.5,65.7,8.9
8/30/19 7:39,65.7,65.7,6.5
8/30/19 7:44,66,65.7,6.5
8/30/19 7:49,66,66,7.4
8/30/19 7:54,66.4,66.6,7.2
8/30/19 7:59,66.6,66.9,5.8
8/30/19 8:04,66.7,67.1,11.2
8/30/19 8:09,66.7,67.5,6
8/30/19 8:14,67.1,67.6,7.4
8/30/19 8:19,67.3,67.8,11.4
8/30/19 8:24,67.3,68,11.4
8/30/19 8:29,67.5,68.4,12.1
8/30/19 8:34,67.6,68.7,12.8
8/30/19 8:39,67.6,69.1,10.3
8/30/19 8:44,67.6,69.4,12.8
8/30/19 8:49,67.8,69.8,16.8
8/30/19 8:54,68,70.2,18.3
8/30/19 8:59,68,70.3,12.8
8/30/19 9:04,68.2,70.5,13.4
8/30/19 9:09,68.2,70.5,13.4
8/30/19 9:14,68.4,70.7,13.9
8/30/19 9:19,68.4,70.9,11.4
8/30/19 9:24,68.4,71.1,12.8
8/30/19 9:29,68.5,71.2,9.6
8/30/19 9:34,68.7,71.6,19.2
8/30/19 9:39,68.5,71.8,20.1
8/30/19 9:44,68.5,72.1,18.1
8/30/19 9:49,68.5,72.3,16.6
8/30/19 9:54,68.7,72.5,16.8
8/30/19 9:59,68.7,72.9,10.5
8/30/19 10:04,68.5,73,13.6
8/30/19 10:09,68.4,73.2,13.9
8/30/19 10:14,68.4,73.4,18.1
8/30/19 10:19,68.5,73.8,11.9
8/30/19 10:24,68.5,73.9,8.3
8/30/19 10:29,68.5,74.3,0.4
8/30/19 10:34,68.5,74.7,6.5
8/30/19 10:39,68.9,75,16.6
8/30/19 10:44,68.9,75.4,15
8/30/19 10:49,68.9,75.7,8.7
8/30/19 10:54,68.7,76.1,22.4
8/30/19 10:59,68.7,76.5,18.6
8/30/19 11:04,68.5,76.6,14.5
8/30/19 11:09,68.4,77,16.6
8/30/19 11:14,68.2,77.2,15.4
8/30/19 11:19,68,77.4,18.3
8/30/19 11:24,68.2,77.5,20.6
8/30/19 11:29,68.4,77.7,14.5
8/30/19 11:34,68.7,78.1,12.8
8/30/19 11:39,68.9,78.3,16.6
8/30/19 11:44,68.9,78.4,14.5
8/30/19 11:49,69.3,78.6,21.7
8/30/19 11:54,69.3,78.8,9.8
8/30/19 11:59,69.3,79.2,20.8
8/30/19 12:04,69.1,79.3,16.6
8/30/19 12:09,69.1,79.3,19.2
8/30/19 12:14,69.1,79.5,19.7
8/30/19 12:19,68.9,79.5,13.9
8/30/19 12:24,68.7,79.7,12.3
8/30/19 12:29,68.7,79.9,12.3
8/30/19 12:34,68.7,80.1,15
8/30/19 12:39,68.9,80.1,15.9
8/30/19 12:44,68.7,80.2,16.1
8/30/19 12:49,68.9,80.4,11.4
8/30/19 12:54,68.7,80.6,8.1
8/30/19 12:59,68.7,80.6,17
8/30/19 13:04,68.7,80.8,13
8/30/19 13:09,68.7,81,15.9
8/30/19 13:14,68.7,81.1,6.5
8/30/19 13:19,68.7,81.3,15.4
8/30/19 13:24,68.7,81.5,19.9
8/30/19 13:29,68.5,81.7,17.7
8/30/19 13:34,68.5,81.7,16.1
8/30/19 13:39,68.5,81.9,11.9
8/30/19 13:44,68.5,81.9,7.2
8/30/19 13:49,68.5,81.9,7.4
8/30/19 13:54,68.5,82,14.5
8/30/19 13:59,68.5,82.2,19.9
8/30/19 14:04,68.5,82.4,16.8
8/30/19 14:09,69.1,82.6,16.8
8/30/19 14:14,69.1,82.8,12.1
8/30/19 14:19,69.3,82.9,15.4
8/30/19 14:24,69.4,82.9,14.3
8/30/19 14:29,69.6,83.1,17
8/30/19 14:34,69.8,83.1,13.9
8/30/19 14:39,69.8,83.1,18.1
8/30/19 14:44,70.2,83.1,15.9
8/30/19 14:49,70.2,83.3,12.3
8/30/19 14:54,70.2,83.5,13.6
8/30/19 14:59,70.2,83.7,19.2
8/30/19 15:04,70.2,83.8,19
8/30/19 15:09,70.2,84,20.1
8/30/19 15:14,70,84.2,15.4
8/30/19 15:19,70.2,84.2,13.9
8/30/19 15:24,70.5,84.4,18.3
8/30/19 15:29,70.5,84.4,12.1
8/30/19 15:34,70.5,84.4,11.9
8/30/19 15:39,70.5,84.6,8.9
8/30/19 15:44,70.3,84.7,12.1
8/30/19 15:49,70.3,84.9,12.3
8/30/19 15:54,70.3,85.1,10.5
8/30/19 15:59,70.2,85.3,15.4
8/30/19 16:04,70,85.5,13.4
8/30/19 16:09,70,85.5,18.6
8/30/19 16:14,69.8,85.5,10.7
8/30/19 16:19,69.8,85.6,14.5
8/30/19 16:24,69.8,85.6,15.4
8/30/19 16:29,69.8,85.6,11.9
8/30/19 16:34,69.6,85.8,14.5
8/30/19 16:39,69.6,86,12.3
8/30/19 16:44,69.4,86.4,9.6
8/30/19 16:49,69.4,86.5,10.5
8/30/19 16:54,69.3,86.7,10.7
8/30/19 16:59,69.1,86.9,10.3
8/30/19 17:04,69.1,86.9,12.1
8/30/19 17:09,68.9,86.9,10.7
8/30/19 17:14,68.9,86.9,9.8
8/30/19 17:19,68.7,86.9,9.6
8/30/19 17:24,68.7,86.9,14.3
8/30/19 17:29,68.7,87.1,13.4
8/30/19 17:34,68.9,87.1,10.7
8/30/19 17:39,68.9,87.1,11.2
8/30/19 17:44,69.1,87.1,14.5
8/30/19 17:49,69.1,87.1,16.1
8/30/19 17:54,68.9,87.1,9.2
8/30/19 17:59,68.9,87.1,11.4
8/30/19 18:04,68.7,87.1,15
8/30/19 18:09,68.5,87.1,12.8
8/30/19 18:14,68.4,87.1,9.8
8/30/19 18:19,68.2,86.9,9.2
8/30/19 18:24,68,86.9,13.4
8/30/19 18:29,67.8,86.9,10.5
8/30/19 18:34,67.5,86.7,11.9
8/30/19 18:39,67.3,86.7,8.3
8/30/19 18:44,67.3,86.5,7.2
8/30/19 18:49,67.3,86.5,7.4
8/30/19 18:54,67.3,86.4,10.7
8/30/19 18:59,67.3,86,10.7
8/30/19 19:04,67.1,85.8,8.7
8/30/19 19:09,66.9,85.5,9.6
8/30/19 19:14,67.1,84.9,9.6
8/30/19 19:19,67.1,84.4,9.6
8/30/19 19:24,67.1,83.8,8.9
8/30/19 19:29,67.3,83.1,9.2
8/30/19 19:34,67.3,82.4,9.6
8/30/19 19:39,67.3,81.7,8.3
8/30/19 19:44,67.3,81.3,6.5
8/30/19 19:49,67.5,80.8,7.4
8/30/19 19:54,67.5,80.2,7.6
8/30/19 19:59,67.5,80.1,8.1
8/30/19 20:04,67.5,79.9,8.7
8/30/19 20:09,67.3,79.5,7.2
8/30/19 20:14,67.3,79.3,8.3
8/30/19 20:19,67.5,79,7.6
8/30/19 20:24,67.3,79,8.9
8/30/19 20:29,67.3,78.8,9.8
8/30/19 20:34,67.3,78.4,11.4
8/30/19 20:39,67.1,78.3,8.1
8/30/19 20:44,67.1,78.1,9.8
8/30/19 20:49,67.1,77.7,9.8
8/30/19 20:54,67.1,77.7,9.8
8/30/19 20:59,66.9,77.4,10.5
8/30/19 21:04,66.9,77.2,8.7
8/30/19 21:09,66.9,77,8.3
8/30/19 21:14,66.9,76.8,9.6
8/30/19 21:19,66.9,76.6,7.6
8/30/19 21:24,66.7,76.3,7.2
8/30/19 21:29,66.9,75.9,4.9
8/30/19 21:34,66.9,75.6,5.6
8/30/19 21:39,66.9,75,7.4
8/30/19 21:44,66.9,74.5,7.6
8/30/19 21:49,67.1,74.1,7.2
8/30/19 21:54,67.5,73.9,6.7
8/30/19 21:59,67.6,73.8,10.3
8/30/19 22:04,67.5,73.9,8.7
8/30/19 22:09,67.5,74.3,9.8
8/30/19 22:14,67.3,74.8,8.7
8/30/19 22:19,67.3,75.2,9.8
8/30/19 22:24,67.1,75.4,8.9
8/30/19 22:29,67.1,75.4,11.9
8/30/19 22:34,66.9,75.2,13
8/30/19 22:39,66.7,75,13
8/30/19 22:44,66.7,74.7,8.9
8/30/19 22:49,66.6,74.5,10.7
8/30/19 22:54,66.6,74.5,10.7
8/30/19 22:59,66.6,74.3,11.9
8/30/19 23:04,66.4,74.7,9.2
8/30/19 23:09,66.4,74.8,11.2
8/30/19 23:14,66.4,75,7.6
8/30/19 23:19,66.2,74.8,7.2
8/30/19 23:24,66.2,74.8,5.1
8/30/19 23:29,66.2,75,5.8
8/30/19 23:34,66,74.7,5.8
8/30/19 23:39,66,74.5,4.9
8/30/19 23:44,66,74.1,4.9
8/30/19 23:49,66,74.1,3.4
8/30/19 23:54,65.8,74.1,4
8/30/19 23:59,66,74.1,5.1
8/31/19 0:04,65.8,74.3,0
8/31/19 0:09,65.8,74.3,0
8/31/19 0:14,65.8,74.3,0.4
8/31/19 0:19,65.8,74.5,2.5
8/31/19 0:24,65.7,74.7,2.5
8/31/19 0:29,65.7,74.3,5.1
8/31/19 0:34,65.8,73.8,4
8/31/19 0:39,65.7,73,5.1
8/31/19 0:44,65.7,72.1,6.7
8/31/19 0:49,65.5,71.2,7.4
8/31/19 0:54,65.7,70.5,6.5
8/31/19 0:59,65.5,69.8,5.1
8/31/19 1:04,65.5,69.3,8.1
8/31/19 1:09,65.3,69.1,5.8
8/31/19 1:14,65.5,68.9,5.1
8/31/19 1:19,65.3,68.7,7.2
8/31/19 1:24,65.1,68.7,7.2
8/31/19 1:29,65.1,68.5,9.2
8/31/19 1:34,65.3,68.5,5.8
8/31/19 1:39,65.1,68.5,8.9
8/31/19 1:44,65.1,68.5,9.6
8/31/19 1:49,65.1,68.7,7.2
8/31/19 1:54,65.1,68.7,5.1
8/31/19 1:59,64.9,68.7,4.5
8/31/19 2:04,64.9,68.5,4.5
8/31/19 2:09,64.9,68.4,5.8
8/31/19 2:14,65.1,68.2,10.5
8/31/19 2:19,65.1,68,9.6
8/31/19 2:24,64.9,67.8,6.7
8/31/19 2:29,64.9,67.6,9.2
8/31/19 2:34,65.1,67.6,4.9
8/31/19 2:39,65.1,67.8,8.3
8/31/19 2:44,64.9,68,13.4
8/31/19 2:49,64.9,68.2,1.1
8/31/19 2:54,64.9,68.4,12.8
8/31/19 2:59,64.9,68.4,11.9
8/31/19 3:04,64.9,68.5,13
8/31/19 3:09,64.9,68.5,8.9
8/31/19 3:14,64.9,68.5,16.6
8/31/19 3:19,64.9,68.4,9.6
8/31/19 3:24,64.9,68,7.2
8/31/19 3:29,64.9,67.6,9.2
8/31/19 3:34,64.9,67.3,8.7
8/31/19 3:39,64.9,67.1,8.1
8/31/19 3:44,64.8,66.7,8.1
8/31/19 3:49,64.8,66.6,8.7
8/31/19 3:54,64.8,66.2,7.6
8/31/19 3:59,64.8,66.2,6
8/31/19 4:04,64.8,66.2,9.6
8/31/19 4:09,64.8,66.4,8.7
8/31/19 4:14,64.8,66.6,9.8
8/31/19 4:19,64.8,66.9,11.9
8/31/19 4:24,64.8,67.1,12.1
8/31/19 4:29,64.8,67.3,9.8
8/31/19 4:34,64.6,67.3,9.2
8/31/19 4:39,64.6,66.9,2.5
8/31/19 4:44,64.6,66.7,2.5
8/31/19 4:49,64.6,66.4,2.7
8/31/19 4:54,64.6,66,5.8
8/31/19 4:59,64.6,65.7,7.4
8/31/19 5:04,64.6,65.5,7.2
8/31/19 5:09,64.6,65.7,5.8
8/31/19 5:14,64.4,65.8,8.9
8/31/19 5:19,64.4,66,7.6
8/31/19 5:24,64.4,66.6,9.8
8/31/19 5:29,64.4,66.7,6.7
8/31/19 5:34,64.4,66.7,6.7
8/31/19 5:39,64.4,66.6,5.8
8/31/19 5:44,64.4,66.4,4.9
8/31/19 5:49,64.2,66,6.7
8/31/19 5:54,64.4,65.5,3.6
8/31/19 5:59,64.4,64.9,1.3
8/31/19 6:04,64.4,64.2,2.9
8/31/19 6:09,64.2,63.7,1.1
8/31/19 6:14,64.2,63.3,0
8/31/19 6:19,64.2,62.6,0
8/31/19 6:24,64.2,62.2,0
8/31/19 6:29,64.2,61.9,5.6
8/31/19 6:34,64.2,61.7,5.1
8/31/19 6:39,64.2,61.5,4
8/31/19 6:44,64.2,61.7,1.1
8/31/19 6:49,64.4,61.7,1.3
8/31/19 6:54,64.4,61.7,2.9
8/31/19 6:59,64.4,61.5,0.2
8/31/19 7:04,64.6,61.7,0
8/31/19 7:09,64.6,61.7,0
8/31/19 7:14,64.8,61.9,0
8/31/19 7:19,64.9,61.9,4.5
8/31/19 7:24,64.8,62.1,2.5
8/31/19 7:29,64.9,62.1,3.6
8/31/19 7:34,65.1,62.1,0.9
8/31/19 7:39,65.3,62.1,1.1
8/31/19 7:44,65.3,62.4,0
8/31/19 7:49,65.3,63,0
8/31/19 7:54,65.5,63.5,0
8/31/19 7:59,65.8,64,1.3
8/31/19 8:04,65.8,64.6,1.3
8/31/19 8:09,66,64.8,0
8/31/19 8:14,66.2,64.9,1.3
8/31/19 8:19,66.4,64.9,3.6
8/31/19 8:24,66.4,64.8,5.1
8/31/19 8:29,66.6,64.9,4.5
8/31/19 8:34,66.6,65.3,3.6
8/31/19 8:39,66.7,65.8,4.3
8/31/19 8:44,66.9,66.4,0.9
8/31/19 8:49,66.9,67.1,1.3
8/31/19 8:54,67.1,67.8,4.3
8/31/19 8:59,67.3,68.4,0.9
8/31/19 9:04,67.3,69.1,0.9
8/31/19 9:09,67.5,69.4,3.6
8/31/19 9:14,67.6,70,1.1
8/31/19 9:19,67.6,70.5,2
8/31/19 9:24,67.6,71.1,0
8/31/19 9:29,67.8,71.6,1.8
8/31/19 9:34,68,72.3,4
8/31/19 9:39,68,73,2.5
8/31/19 9:44,67.8,73.9,0
8/31/19 9:49,67.8,74.8,1.1
8/31/19 9:54,68,75.6,0
8/31/19 9:59,68,76.6,1.8
8/31/19 10:04,68.2,77.5,0
8/31/19 10:09,68.2,78.3,5.1
8/31/19 10:14,68.2,78.8,0.4
8/31/19 10:19,68,79.2,3.6
8/31/19 10:24,68,79.9,4.3
8/31/19 10:29,68.2,80.1,4.3
8/31/19 10:34,68.5,80.2,2
8/31/19 10:39,68.7,80.8,0.2
8/31/19 10:44,68.7,81.5,0.4
8/31/19 10:49,68.7,82,8.9
8/31/19 10:54,68.7,82.6,8.7
8/31/19 10:59,69.1,82.9,10.7
8/31/19 11:04,69.8,83.3,8.9
8/31/19 11:09,70.7,83.3,7.6
8/31/19 11:14,71.4,83.3,11.4
8/31/19 11:19,72.3,83.1,10.5
8/31/19 11:24,72.9,83.1,11.2
8/31/19 11:29,73,83.3,15.2
8/31/19 11:34,72.9,83.7,15
8/31/19 11:39,72.9,83.8,17.4
8/31/19 11:44,72.7,84.2,13.6
8/31/19 11:49,72.3,84.4,16.6
8/31/19 11:54,72.1,84.7,15.4
8/31/19 11:59,71.8,84.7,8.9
8/31/19 12:04,71.6,84.9,15.4
8/31/19 12:09,71.4,85.1,10.5
8/31/19 12:14,71.1,85.3,13.9
8/31/19 12:19,71.1,85.3,16.1
8/31/19 12:24,70.9,85.5,9.6
8/31/19 12:29,70.7,85.5,14.5
8/31/19 12:34,70.7,85.8,16.8
8/31/19 12:39,70.5,85.8,14.5
8/31/19 12:44,70.5,86,14.5
8/31/19 12:49,70.5,86,11.2
8/31/19 12:54,70.5,86.4,19
8/31/19 12:59,70.7,86.4,16.1
8/31/19 13:04,70.9,86.4,15.9
8/31/19 13:09,70.9,86.5,13.9
8/31/19 13:14,71.1,86.7,19.9
8/31/19 13:19,71.2,87.1,18.6
8/31/19 13:24,71.2,87.1,15.2
8/31/19 13:29,71.2,87.3,8.7
8/31/19 13:34,71.2,87.4,16.8
8/31/19 13:39,71.1,87.4,16.8
8/31/19 13:44,71.1,87.6,13.4
8/31/19 13:49,70.9,87.8,17
8/31/19 13:54,70.9,88,19
8/31/19 13:59,70.7,88.2,17
8/31/19 14:04,70.7,88.2,9.8
8/31/19 14:09,70.7,88.2,14.5
8/31/19 14:14,70.7,88.2,20.6
8/31/19 14:19,70.7,88.2,21.5
8/31/19 14:24,70.7,88.2,19
8/31/19 14:29,70.7,88.2,17.7
8/31/19 14:34,70.7,88.2,20.1
8/31/19 14:39,70.7,88.3,30.2
8/31/19 14:44,70.7,88.3,18.6
8/31/19 14:49,70.9,88.2,11.2
8/31/19 14:54,71.1,88.2,10.5
8/31/19 14:59,71.6,88.3,16.6
8/31/19 15:04,72.1,88.3,12.8
8/31/19 15:09,72.3,88.5,12.1
8/31/19 15:14,72.5,88.7,7.6
8/31/19 15:19,72.5,88.9,7.2
8/31/19 15:24,72.5,88.9,9.6
8/31/19 15:29,72.3,89.1,7.6
8/31/19 15:34,72.3,89.2,6.7
8/31/19 15:39,72.3,89.4,13.6
8/31/19 15:44,72.1,89.8,5.1
8/31/19 15:49,72.1,90,18.6
8/31/19 15:54,72,90.1,10.3
8/31/19 15:59,72,90.3,13.4
8/31/19 16:04,72,90.5,12.1
8/31/19 16:09,71.8,90.3,9.6
8/31/19 16:14,71.8,90.3,12.3
8/31/19 16:19,71.8,90.3,12.3
8/31/19 16:24,71.8,90.5,8.9
8/31/19 16:29,71.6,90.5,12.1
8/31/19 16:34,71.6,90.5,15
8/31/19 16:39,71.6,90.7,16.6
8/31/19 16:44,71.6,90.7,19
8/31/19 16:49,71.4,90.5,19
8/31/19 16:54,71.4,90.5,18.1
8/31/19 16:59,71.4,90.5,16.8
8/31/19 17:04,71.4,90.5,18.3
8/31/19 17:09,71.2,90.5,16.1
8/31/19 17:14,71.2,90.3,11.4
8/31/19 17:19,71.1,90.3,13.4
8/31/19 17:24,71.1,90.3,9.2
8/31/19 17:29,70.9,90.3,14.3
8/31/19 17:34,70.9,90.1,13.6
8/31/19 17:39,70.9,90.1,15.4
8/31/19 17:44,70.7,90,15
8/31/19 17:49,70.7,90,16.8
8/31/19 17:54,70.5,89.8,15
8/31/19 17:59,70.5,89.8,18.1
8/31/19 18:04,70.5,89.6,13
8/31/19 18:09,70.5,89.6,19.2
8/31/19 18:14,70.3,89.4,13.6
8/31/19 18:19,70.3,89.4,13.6
8/31/19 18:24,70.3,89.2,6.7
8/31/19 18:29,70.5,89.2,11.4
8/31/19 18:34,70.3,89.1,11.9
8/31/19 18:39,70.3,89.1,13
8/31/19 18:44,70.2,88.9,10.7
8/31/19 18:49,70,88.9,11.9
8/31/19 18:54,69.6,88.7,10.3
8/31/19 18:59,69.4,88.5,9.8
8/31/19 19:04,69.3,88.2,11.4
8/31/19 19:09,69.3,87.8,12.1
8/31/19 19:14,69.6,87.6,12.1
8/31/19 19:19,70,87.4,8.3
8/31/19 19:24,70.3,87.1,10.3
8/31/19 19:29,70.3,86.7,7.4
8/31/19 19:34,70.2,86.4,9.2
8/31/19 19:39,70,85.6,7.4
8/31/19 19:44,70.2,84.9,8.1
8/31/19 19:49,70,84.4,8.7
8/31/19 19:54,70,83.8,7.4
8/31/19 19:59,70,82.9,6.5
8/31/19 20:04,69.8,82.6,6
8/31/19 20:09,69.4,82.2,8.9
8/31/19 20:14,69.4,81.9,8.3
8/31/19 20:19,69.4,81.7,7.2
8/31/19 20:24,69.3,81.7,6.7
8/31/19 20:29,69.1,81.7,5.1
8/31/19 20:34,69.1,81.3,7.4
8/31/19 20:39,68.9,80.8,7.4
8/31/19 20:44,68.7,80.2,7.2
8/31/19 20:49,68.7,79.5,7.4
8/31/19 20:54,68.5,78.8,6.5
8/31/19 20:59,68.4,77.7,8.7
8/31/19 21:04,68.4,77.2,10.5
8/31/19 21:09,68.2,76.8,9.6
8/31/19 21:14,68,76.5,11.4
8/31/19 21:19,68,76.3,11.2
8/31/19 21:24,68,76.1,10.7
8/31/19 21:29,67.8,76.1,9.8
8/31/19 21:34,67.6,76.1,10.5
8/31/19 21:39,67.6,75.9,8.3
8/31/19 21:44,67.5,75.7,8.9
8/31/19 21:49,67.5,75.2,13.4
8/31/19 21:54,67.5,74.8,15
8/31/19 21:59,67.3,74.5,10.7
8/31/19 22:04,67.3,73.9,11.9
8/31/19 22:09,67.3,73.8,13
8/31/19 22:14,67.1,73.8,9.6
8/31/19 22:19,67.1,73.6,7.2
8/31/19 22:24,67.1,73.4,12.8
8/31/19 22:29,67.1,73.6,7.6
8/31/19 22:34,66.9,73.6,10.7
8/31/19 22:39,66.9,73.8,13.4
8/31/19 22:44,66.9,73.9,11.4
8/31/19 22:49,66.7,74.1,12.1
8/31/19 22:54,66.7,74.3,14.3
8/31/19 22:59,66.7,74.1,12.3
8/31/19 23:04,66.7,74.1,14.5
8/31/19 23:09,66.7,74.3,13.4
8/31/19 23:14,66.7,74.3,11.4
8/31/19 23:19,66.7,74.5,15.9
8/31/19 23:24,66.7,74.8,15.2
8/31/19 23:29,66.9,75.4,15.2
8/31/19 23:34,66.9,75.9,16.6
8/31/19 23:39,66.9,76.3,9.6
8/31/19 23:44,66.9,76.3,7.6
8/31/19 23:49,66.9,76.1,9.6
8/31/19 23:54,66.7,75.7,0.9
8/31/19 23:59,66.7,75.4,4.5
9/1/19 0:04,66.7,74.8,5.6
9/1/19 0:09,66.6,74.5,5.1
9/1/19 0:14,66.6,74.1,4.3
9/1/19 0:19,66.6,73.8,8.7
9/1/19 0:24,66.6,73.6,0
9/1/19 0:29,66.6,73.4,2.9
9/1/19 0:34,66.6,73,0
9/1/19 0:39,66.6,72.5,4.3
9/1/19 0:44,66.6,72.1,10.5
9/1/19 0:49,66.6,72.1,6.7
9/1/19 0:54,66.6,72,7.4
9/1/19 0:59,66.6,72,4.9
9/1/19 1:04,66.4,72,9.2
9/1/19 1:09,66.4,72.1,6.5
9/1/19 1:14,66.4,72.1,10.5
9/1/19 1:19,66.4,72.1,9.6
9/1/19 1:24,66.2,72.1,4
9/1/19 1:29,66.4,72,5.1
9/1/19 1:34,66.2,72,8.3
9/1/19 1:39,66.2,72,5.8
9/1/19 1:44,66.2,72,6.5
9/1/19 1:49,66,72.1,10.5
9/1/19 1:54,66,72.1,9.6
9/1/19 1:59,66,72.1,9.8
9/1/19 2:04,66,72.1,13
9/1/19 2:09,66,72,8.7
9/1/19 2:14,65.8,71.8,13
9/1/19 2:19,65.8,71.8,13.4
9/1/19 2:24,65.8,72,18.1
9/1/19 2:29,65.8,72.3,15.4
9/1/19 2:34,65.8,72.7,11.2
9/1/19 2:39,65.8,72.9,9.6
9/1/19 2:44,65.8,72.3,10.3
9/1/19 2:49,65.7,71.8,5.8
9/1/19 2:54,65.8,71.1,5.6
9/1/19 2:59,65.7,70.5,6
9/1/19 3:04,65.7,70.2,14.3
9/1/19 3:09,65.7,69.6,8.3
9/1/19 3:14,65.7,68.9,9.8
9/1/19 3:19,65.5,68.4,8.1
9/1/19 3:24,65.5,67.5,7.4
9/1/19 3:29,65.5,66.6,4.9
9/1/19 3:34,65.5,65.7,9.2
9/1/19 3:39,65.3,65.3,11.9
9/1/19 3:44,65.3,65.3,9.2
9/1/19 3:49,65.3,65.7,10.7
9/1/19 3:54,65.3,66,11.9
9/1/19 3:59,65.3,66.4,11.2
9/1/19 4:04,65.1,66.6,9.8
9/1/19 4:09,65.1,66.6,7.2
9/1/19 4:14,65.1,66.4,13.6
9/1/19 4:19,65.1,66.2,12.8
9/1/19 4:24,64.9,66,14.3
9/1/19 4:29,64.9,65.7,10.7
9/1/19 4:34,64.8,65.5,12.1
9/1/19 4:39,64.9,65.5,13.4
9/1/19 4:44,64.9,65.5,9.6
9/1/19 4:49,64.8,65.7,11.4
9/1/19 4:54,64.8,65.7,9.8
9/1/19 4:59,64.8,65.5,11.4
9/1/19 5:04,64.8,65.3,14.3
9/1/19 5:09,64.8,65.3,12.3
9/1/19 5:14,64.6,65.3,13.9
9/1/19 5:19,64.6,65.5,12.3
9/1/19 5:24,64.6,65.7,14.3
9/1/19 5:29,64.6,66,13.9
9/1/19 5:34,64.8,66,12.1
9/1/19 5:39,64.6,65.8,9.8
9/1/19 5:44,64.6,65.5,9.6
9/1/19 5:49,64.6,64.9,11.4
9/1/19 5:54,64.4,64.4,8.9
9/1/19 5:59,64.6,64,9.6
9/1/19 6:04,64.6,63.5,5.6
9/1/19 6:09,64.6,63.3,7.4
9/1/19 6:14,64.6,63,4
9/1/19 6:19,64.6,62.8,6
9/1/19 6:24,64.6,62.6,13.6
9/1/19 6:29,64.6,62.8,12.3
9/1/19 6:34,64.6,63,11.4
9/1/19 6:39,64.4,63.3,10.3
9/1/19 6:44,64.4,63.5,5.1
9/1/19 6:49,64.4,63.7,6.5
9/1/19 6:54,64.4,63.5,3.4
9/1/19 6:59,64.6,63.3,6
9/1/19 7:04,64.6,62.8,6.5
9/1/19 7:09,64.8,62.6,8.3
9/1/19 7:14,64.8,62.2,10.7
9/1/19 7:19,64.8,62.2,9.6
9/1/19 7:24,64.9,62.2,8.7
9/1/19 7:29,64.9,62.2,8.3
9/1/19 7:34,65.1,62.4,7.4
9/1/19 7:39,65.1,62.6,8.9
9/1/19 7:44,65.3,62.8,8.7
9/1/19 7:49,65.5,63,6.5
9/1/19 7:54,65.7,63.3,5.1
9/1/19 7:59,65.8,63.7,0.4
9/1/19 8:04,65.8,64.2,3.4
9/1/19 8:09,66,64.9,5.6
9/1/19 8:14,66.2,66,0
9/1/19 8:19,66.4,67.1,0
9/1/19 8:24,66.4,68.4,0
9/1/19 8:29,66.6,69.4,0
9/1/19 8:34,66.7,70.3,0
9/1/19 8:39,66.9,71.1,0
9/1/19 8:44,66.9,72,0
9/1/19 8:49,67.3,72.9,0
9/1/19 8:54,67.3,73.4,0
9/1/19 8:59,67.5,74.1,0
9/1/19 9:04,67.6,75,0
9/1/19 9:09,67.8,75.7,0
9/1/19 9:14,67.8,76.5,0
9/1/19 9:19,68,76.8,0
9/1/19 9:24,68.2,77.7,2.5
9/1/19 9:29,68.4,77.9,5.1
9/1/19 9:34,68.4,77.7,5.8
9/1/19 9:39,68.7,77.7,11.4
9/1/19 9:44,68.7,77.4,9.2
9/1/19 9:49,68.5,77.2,11.4
9/1/19 9:54,68.7,76.6,14.5
9/1/19 9:59,68.9,76.6,11.9
9/1/19 10:04,68.7,76.8,15.2
9/1/19 10:09,68.5,77.2,10.3
9/1/19 10:14,68.7,77.4,11.4
9/1/19 10:19,68.7,77.7,14.5
9/1/19 10:24,68.5,78.1,15.4
9/1/19 10:29,68.5,78.4,16.1
9/1/19 10:34,68.7,78.6,15
9/1/19 10:39,69.3,78.8,15.9
9/1/19 10:44,69.4,79.2,14.3
9/1/19 10:49,69.6,79.3,15
9/1/19 10:54,69.6,79.7,11.9
9/1/19 10:59,69.8,79.9,16.6
9/1/19 11:04,69.6,80.2,16.8
9/1/19 11:09,69.4,80.6,16.8
9/1/19 11:14,69.3,81,12.8
9/1/19 11:19,68.9,81.3,18.6
9/1/19 11:24,68.5,81.5,12.8
9/1/19 11:29,68.2,81.9,10.7
9/1/19 11:34,67.8,82.2,12.3
9/1/19 11:39,67.5,82.2,9.2
9/1/19 11:44,67.3,82.4,9.6
9/1/19 11:49,67.3,82.6,8.3
9/1/19 11:54,67.3,82.9,16.8
9/1/19 11:59,67.3,82.9,8.9
9/1/19 12:04,67.3,82.9,8.1
9/1/19 12:09,67.1,83.1,11.2
9/1/19 12:14,67.1,83.3,14.3
9/1/19 12:19,66.9,83.3,15.4
9/1/19 12:24,66.9,83.3,7.4
9/1/19 12:29,66.9,83.7,12.8
9/1/19 12:34,66.9,83.8,9.8
9/1/19 12:39,66.9,84,12.3
9/1/19 12:44,66.7,84.2,12.8
9/1/19 12:49,66.7,84.4,10.3
9/1/19 12:54,66.7,84.6,8.3
9/1/19 12:59,66.7,84.7,9.6
9/1/19 13:04,66.7,84.9,8.7
9/1/19 13:09,67.1,85.1,11.4
9/1/19 13:14,67.3,85.5,11.4
9/1/19 13:19,67.5,85.8,12.8
9/1/19 13:24,67.5,86.2,12.1
9/1/19 13:29,67.5,86.5,12.1
9/1/19 13:34,67.5,87.1,17
9/1/19 13:39,67.5,87.3,11.4
9/1/19 13:44,67.5,87.4,10.5
9/1/19 13:49,67.5,87.8,13
9/1/19 13:54,67.6,88,10.3
9/1/19 13:59,67.6,88.2,13.9
9/1/19 14:04,67.6,88.2,8.7
9/1/19 14:09,67.6,88.3,11.4
9/1/19 14:14,67.6,88.7,9.8
9/1/19 14:19,67.8,88.9,4.5
9/1/19 14:24,67.8,89.2,9.2
9/1/19 14:29,67.8,89.6,14.5
9/1/19 14:34,68,89.8,13.6
9/1/19 14:39,68.2,90,10.5
9/1/19 14:44,68.2,90.1,9.2
9/1/19 14:49,68.2,90.3,17
9/1/19 14:54,68.4,90.3,11.9
9/1/19 14:59,68.4,90.3,14.3
9/1/19 15:04,68.5,90.5,13.9
9/1/19 15:09,68.9,90.5,14.3
9/1/19 15:14,68.9,90.5,13.6
9/1/19 15:19,69.1,90.5,9.8
9/1/19 15:24,69.3,90.5,13.9
9/1/19 15:29,69.4,90.5,11.4
9/1/19 15:34,69.4,90.7,12.1
9/1/19 15:39,69.6,90.9,11.4
9/1/19 15:44,69.8,90.9,6.7
9/1/19 15:49,69.8,91,7.2
9/1/19 15:54,70,91.2,12.1
9/1/19 15:59,70.2,91.2,7.6
9/1/19 16:04,70.2,91.4,9.8
9/1/19 16:09,70.2,91.4,10.3
9/1/19 16:14,70.2,91.4,8.9
9/1/19 16:19,70.3,91.4,8.9
9/1/19 16:24,70.3,91.2,15.2
9/1/19 16:29,70.3,91.2,8.1
9/1/19 16:34,70.3,91.2,15.2
9/1/19 16:39,70.3,91.4,10.3
9/1/19 16:44,70.3,91.4,13.6
9/1/19 16:49,70.3,91.4,13
9/1/19 16:54,70.5,91.6,13.4
9/1/19 16:59,70.7,91.6,14.5
9/1/19 17:04,70.7,91.6,9.8
9/1/19 17:09,70.9,91.6,11.9
9/1/19 17:14,70.9,91.4,10.7
9/1/19 17:19,70.7,91.6,10.5
9/1/19 17:24,70.7,91.6,7.4
9/1/19 17:29,70.7,91.6,8.1
9/1/19 17:34,70.7,91.6,7.2
9/1/19 17:39,70.7,91.8,8.3
9/1/19 17:44,70.7,91.8,8.9
9/1/19 17:49,70.7,91.6,6
9/1/19 17:54,70.5,91.6,8.3
9/1/19 17:59,70.5,91.6,5.6
9/1/19 18:04,70.3,91.4,7.6
9/1/19 18:09,70.3,91.4,4.9
9/1/19 18:14,70.2,91.2,4.9
9/1/19 18:19,70,91.2,9.2
9/1/19 18:24,70,91,6
9/1/19 18:29,69.8,91,7.6
9/1/19 18:34,69.8,90.9,4.9
9/1/19 18:39,69.6,90.7,4.5
9/1/19 18:44,69.4,90.5,8.1
9/1/19 18:49,69.3,90.3,6
9/1/19 18:54,69.1,90.1,5.1
9/1/19 18:59,69.1,89.8,4
9/1/19 19:04,69.1,89.6,4
9/1/19 19:09,69.1,89.2,3.4
9/1/19 19:14,69.1,88.7,2.7
9/1/19 19:19,68.9,88.2,1.8
9/1/19 19:24,68.7,87.6,0.9
9/1/19 19:29,68.7,86.9,0.4
9/1/19 19:34,68.5,86.4,0
9/1/19 19:39,68.4,86,0
9/1/19 19:44,68.2,85.8,0.9
9/1/19 19:49,68.2,85.8,1.3
9/1/19 19:54,68,84.2,1.1
9/1/19 19:59,67.8,84.2,4
9/1/19 20:04,68,84,2
9/1/19 20:09,68,83.8,2.5
9/1/19 20:14,67.8,83.5,4
9/1/19 20:19,67.8,83.1,2
9/1/19 20:24,67.8,82.6,2.9
9/1/19 20:29,67.6,82,2.5
9/1/19 20:34,67.6,81.5,2.7
9/1/19 20:39,67.6,80.8,2.5
9/1/19 20:44,67.5,80.2,4
9/1/19 20:49,67.5,79.7,2.9
9/1/19 20:54,67.5,79,5.1
9/1/19 20:59,67.5,78.6,5.1
9/1/19 21:04,67.1,78.3,4.5
9/1/19 21:09,67.3,78.1,6
9/1/19 21:14,67.1,78.1,6
9/1/19 21:19,67.1,78.1,5.6
9/1/19 21:24,66.9,78.1,4.9
9/1/19 21:29,67.1,78.3,3.6
9/1/19 21:34,66.9,78.1,2
9/1/19 21:39,66.9,77.9,1.8
9/1/19 21:44,66.9,77.7,0
9/1/19 21:49,66.9,77.4,1.1
9/1/19 21:54,66.7,76.8,2.9
9/1/19 21:59,66.7,76.5,0
9/1/19 22:04,66.7,76.1,0
9/1/19 22:09,66.6,75.7,0.9
9/1/19 22:14,66.6,75.4,0
9/1/19 22:19,66.6,75.2,0
9/1/19 22:24,66.4,74.8,0
9/1/19 22:29,66.4,74.8,1.1
9/1/19 22:34,66.2,74.8,1.3
9/1/19 22:39,66.2,75,7.6
9/1/19 22:44,66.2,75.2,8.7
9/1/19 22:49,66.2,75.4,2.7
9/1/19 22:54,66.2,75.6,0
9/1/19 22:59,66,75.6,0
9/1/19 23:04,66,75.2,0.4
9/1/19 23:09,66,75,0
9/1/19 23:14,66,74.8,2.7
9/1/19 23:19,65.8,74.5,3.6
9/1/19 23:24,66,74.5,5.8
9/1/19 23:29,66,74.7,4.5
9/1/19 23:34,66,75,2
9/1/19 23:39,66.2,75.2,3.4
9/1/19 23:44,66.2,75.4,2.9
9/1/19 23:49,66,75.6,2.5
9/1/19 23:54,66.2,75.6,2.7
9/1/19 23:59,66.2,75.6,4
9/2/19 0:04,66,75.7,2.7
9/2/19 0:09,66,75.7,1.1
9/2/19 0:14,66.2,75.7,2.7
9/2/19 0:19,66,75.6,2.9
9/2/19 0:24,66,75.4,2
9/2/19 0:29,66,75,4.5
9/2/19 0:34,65.8,74.7,6
9/2/19 0:39,65.8,74.3,4.3
9/2/19 0:44,66,74.3,1.8
9/2/19 0:49,65.8,74.1,2.9
9/2/19 0:54,65.7,73.9,2.7
9/2/19 0:59,65.8,73.8,2.5
9/2/19 1:04,65.8,73.2,2.7
9/2/19 1:09,65.7,72.7,5.1
9/2/19 1:14,65.7,72.3,6.7
9/2/19 1:19,65.8,71.8,4
9/2/19 1:24,65.7,71.2,4.3
9/2/19 1:29,65.7,71.1,3.4
9/2/19 1:34,65.7,70.5,2
9/2/19 1:39,65.7,70.3,1.8
9/2/19 1:44,65.5,70,1.3
9/2/19 1:49,65.5,69.8,5.6
9/2/19 1:54,65.5,69.8,4.5
9/2/19 1:59,65.5,69.6,4.9
9/2/19 2:04,65.3,69.6,10.7
9/2/19 2:09,65.3,69.6,7.6
9/2/19 2:14,65.5,69.4,7.2
9/2/19 2:19,65.3,69.3,12.1
9/2/19 2:24,65.3,69.3,6.5
9/2/19 2:29,65.3,69.1,6.7
9/2/19 2:34,65.3,69.1,10.7
9/2/19 2:39,65.1,69.1,5.1
9/2/19 2:44,65.1,69.1,9.8
9/2/19 2:49,65.1,68.9,6
9/2/19 2:54,65.1,68.9,7.2
9/2/19 2:59,65.1,69.1,5.1
9/2/19 3:04,65.1,69.3,4
9/2/19 3:09,65.1,69.3,5.8
9/2/19 3:14,65.1,69.3,6.7
9/2/19 3:19,64.9,69.1,6.7
9/2/19 3:24,64.9,69.1,6
9/2/19 3:29,65.1,69.1,4
9/2/19 3:34,65.1,68.7,3.4
9/2/19 3:39,64.9,68.5,3.4
9/2/19 3:44,64.9,68.5,4.5
9/2/19 3:49,64.9,68.7,0.2
9/2/19 3:54,64.9,68.5,4.5
9/2/19 3:59,64.8,68.4,3.6
9/2/19 4:04,64.8,68.2,4.3
9/2/19 4:09,64.8,68,0.4
9/2/19 4:14,64.8,67.8,1.8
9/2/19 4:19,64.6,67.5,0.2
9/2/19 4:24,64.6,67.5,4.5
9/2/19 4:29,64.6,67.5,4.9
9/2/19 4:34,64.6,67.5,2.5
9/2/19 4:39,64.6,67.5,1.8
9/2/19 4:44,64.4,67.5,1.3
9/2/19 4:49,64.4,67.5,2.9
9/2/19 4:54,64.4,67.3,2
9/2/19 4:59,64.6,66.9,2
9/2/19 5:04,64.6,66.6,3.4
9/2/19 5:09,64.4,66.2,4.9
9/2/19 5:14,64.4,66,4.3
9/2/19 5:19,64.4,65.7,4
9/2/19 5:24,64.4,65.5,2.9
9/2/19 5:29,64.4,65.5,3.6
9/2/19 5:34,64.2,65.5,4.5
9/2/19 5:39,64.2,65.7,5.6
9/2/19 5:44,64.2,65.7,3.4
9/2/19 5:49,64.2,65.8,2.7
9/2/19 5:54,64.2,66,7.2
9/2/19 5:59,64.4,65.5,1.8
9/2/19 6:04,64.2,65.3,2.9
9/2/19 6:09,64,64.9,1.8
9/2/19 6:14,64,64.6,2.7
9/2/19 6:19,64,64.2,1.3
9/2/19 6:24,64,63.9,3.4
9/2/19 6:29,64,64,0.9
9/2/19 6:34,64,64,4
9/2/19 6:39,64.2,63.9,3.6
9/2/19 6:44,64.2,63.7,2.5
9/2/19 6:49,64.4,63.5,2.5
9/2/19 6:54,64.4,63.3,2.5
9/2/19 6:59,64.4,63.3,1.3
9/2/19 7:04,64.4,63.5,1.8
9/2/19 7:09,64.6,63.5,0
9/2/19 7:14,64.6,63.5,0
9/2/19 7:19,64.8,63.5,1.1
9/2/19 7:24,64.9,63.3,0.4
9/2/19 7:29,64.9,63.3,1.1
9/2/19 7:34,64.9,63.3,0
9/2/19 7:39,65.1,63.7,0
9/2/19 7:44,65.3,64.6,0
9/2/19 7:49,65.5,65.5,0
9/2/19 7:54,65.5,66.6,0
9/2/19 7:59,65.7,67.6,0
9/2/19 8:04,66,68.4,0
9/2/19 8:09,66,68.9,0
9/2/19 8:14,66.2,68.9,0
9/2/19 8:19,66.4,68.9,0
9/2/19 8:24,66.6,68.9,0
9/2/19 8:29,66.6,69.1,0
9/2/19 8:34,66.7,69.3,0
9/2/19 8:39,66.9,69.8,0
9/2/19 8:44,67.1,70.5,0.2
9/2/19 8:49,67.3,71.1,0
9/2/19 8:54,67.5,71.6,0
9/2/19 8:59,67.6,71.8,4
9/2/19 9:04,67.6,72,0
9/2/19 9:09,67.8,72.1,0.2
9/2/19 9:14,68.2,72.1,0
9/2/19 9:19,68.2,72.9,0.4
9/2/19 9:24,68.2,73.2,3.6
9/2/19 9:29,68.4,73.6,2.7
9/2/19 9:34,68.5,73.9,2.9
9/2/19 9:39,68.5,74.3,2.9
9/2/19 9:44,68.7,74.7,0
9/2/19 9:49,68.7,74.8,0
9/2/19 9:54,68.7,75.2,0
9/2/19 9:59,68.9,75.9,2
9/2/19 10:04,69.1,76.8,4
9/2/19 10:09,69.1,77.4,0
9/2/19 10:14,69.3,78.1,3.4
9/2/19 10:19,69.4,78.4,2.9
9/2/19 10:24,69.4,78.6,0.9
9/2/19 10:29,69.6,79,0.4
9/2/19 10:34,69.8,79.2,3.6
9/2/19 10:39,70,79.5,0.2
9/2/19 10:44,70,80.1,0
9/2/19 10:49,70,81,2
9/2/19 10:54,69.8,81.7,0
9/2/19 10:59,69.6,82.4,2
9/2/19 11:04,69.4,82.9,2.7
9/2/19 11:09,69.4,83.3,8.3
9/2/19 11:14,69.4,83.3,8.3
9/2/19 11:19,69.4,82.8,3.6
9/2/19 11:24,69.4,82.9,5.8
9/2/19 11:29,69.6,82.9,2.7
9/2/19 11:34,69.6,83.3,8.1
9/2/19 11:39,69.8,83.8,9.2
9/2/19 11:44,69.8,84.7,8.7
9/2/19 11:49,69.8,85.5,11.9
9/2/19 11:54,69.6,85.8,13.4
9/2/19 11:59,69.8,86.4,9.8
9/2/19 12:04,69.8,86.5,9.8
9/2/19 12:09,69.8,86.7,11.9
9/2/19 12:14,69.8,86.7,11.9
9/2/19 12:19,69.8,86.9,13.6
9/2/19 12:24,69.8,87.1,7.4
9/2/19 12:29,69.8,87.3,11.4
9/2/19 12:34,69.8,87.3,13.6
9/2/19 12:39,69.8,87.6,10.7
9/2/19 12:44,69.6,87.8,9.2
9/2/19 12:49,69.6,88,13.9
9/2/19 12:54,69.6,88,9.8
9/2/19 12:59,69.8,88.2,13.6
9/2/19 13:04,70,88.3,13.6
9/2/19 13:09,70.2,88.3,13.9
9/2/19 13:14,70.2,88.5,9.8
9/2/19 13:19,70.2,88.7,9.8
9/2/19 13:24,70.2,88.9,7.4
9/2/19 13:29,70.2,88.9,15
9/2/19 13:34,70.2,88.9,5.6
9/2/19 13:39,70.2,88.9,8.1
9/2/19 13:44,70.3,88.9,13.4
9/2/19 13:49,70.3,88.9,8.9
9/2/19 13:54,70.3,89.1,6.5
9/2/19 13:59,70.5,89.1,6.5
9/2/19 14:04,70.5,89.2,13
9/2/19 14:09,70.7,89.4,9.2
9/2/19 14:14,70.9,89.6,14.3
9/2/19 14:19,71.1,89.8,5.1
9/2/19 14:24,71.2,90,8.7
9/2/19 14:29,71.2,90.1,5.8
9/2/19 14:34,71.4,90.5,14.3
9/2/19 14:39,71.4,90.7,6
9/2/19 14:44,71.6,90.9,8.7
9/2/19 14:49,71.6,90.9,2.9
9/2/19 14:54,71.8,91.2,12.3
9/2/19 14:59,71.8,91.4,2.7
9/2/19 15:04,71.8,91.8,11.4
9/2/19 15:09,71.8,91.9,15.4
9/2/19 15:14,72,92.1,5.8
9/2/19 15:19,72.1,92.3,14.5
9/2/19 15:24,72.1,92.3,11.4
9/2/19 15:29,72.3,92.1,7.6
9/2/19 15:34,72.3,91.9,7.2
9/2/19 15:39,72.3,92.1,5.6
9/2/19 15:44,72.1,92.3,0
9/2/19 15:49,72.3,92.7,5.6
9/2/19 15:54,72.5,92.8,7.2
9/2/19 15:59,72.5,93.2,9.6
9/2/19 16:04,72.5,93.4,10.5
9/2/19 16:09,72.7,93.4,5.1
9/2/19 16:14,72.9,93.4,8.9
9/2/19 16:19,73,93.2,4.5
9/2/19 16:24,73.2,93.2,4.5
9/2/19 16:29,73.6,93,5.1
9/2/19 16:34,73.6,93.2,8.9
9/2/19 16:39,73.8,93,15.2
9/2/19 16:44,73.8,92.8,2
9/2/19 16:49,73.9,93,7.6
9/2/19 16:54,73.9,93,9.6
9/2/19 16:59,73.9,93,12.8
9/2/19 17:04,73.9,93,10.7
9/2/19 17:09,74.3,93,5.8
9/2/19 17:14,74.5,93,8.3
9/2/19 17:19,74.8,93,11.9
9/2/19 17:24,75,92.8,12.8
9/2/19 17:29,75.4,92.8,14.5
9/2/19 17:34,75.6,92.7,13.4
9/2/19 17:39,75.7,92.7,8.1
9/2/19 17:44,75.7,92.5,8.1
9/2/19 17:49,75.7,92.3,4.9
9/2/19 17:54,75.6,92.3,13
9/2/19 17:59,75.6,92.1,5.8
9/2/19 18:04,75.4,92.1,10.5
9/2/19 18:09,75.2,92.1,5.1
9/2/19 18:14,74.8,92.1,4.9
9/2/19 18:19,74.7,92.1,6.5
9/2/19 18:24,74.5,92.1,10.5
9/2/19 18:34,74.1,91.2,8.1
9/2/19 18:39,73.9,91.2,15.9
9/2/19 18:44,73.8,90.9,14.3
9/2/19 18:49,73.8,90.7,13.4
9/2/19 18:54,73.4,90.5,15
9/2/19 18:59,73.2,90.1,11.9
9/2/19 19:04,73,89.8,10.3
9/2/19 19:09,72.7,89.4,8.3
9/2/19 19:14,72.5,89.1,7.6
9/2/19 19:19,72.3,88.7,8.1
9/2/19 19:24,72.5,88.2,8.9
9/2/19 19:29,72.7,87.8,10.5
9/2/19 19:34,72.9,87.6,10.3
9/2/19 19:39,73.2,87.3,8.3
9/2/19 19:44,73.4,87.1,10.3
9/2/19 19:49,73.4,86.9,6.5
9/2/19 19:54,73.4,86.7,6.7
9/2/19 19:59,73.2,86.5,10.7
9/2/19 20:04,73,86.4,8.7
9/2/19 20:09,72.5,86.2,9.6
9/2/19 20:14,72.1,86,13
9/2/19 20:19,71.8,86,13
9/2/19 20:24,71.2,85.8,15.4
9/2/19 20:29,70.9,85.8,10.7
9/2/19 20:34,70.3,85.6,8.9
9/2/19 20:39,70,85.3,11.2
9/2/19 20:44,69.6,85.3,8.7
9/2/19 20:49,69.3,84.9,5.8
9/2/19 20:54,69.4,84.4,5.8
9/2/19 20:59,69.4,83.7,8.9
9/2/19 21:04,69.4,82.9,6.5
9/2/19 21:09,69.4,82.4,5.8
9/2/19 21:14,69.6,81.9,6.7
9/2/19 21:19,69.6,81.5,5.1
9/2/19 21:24,69.6,81.3,4
9/2/19 21:29,69.6,81.3,3.4
9/2/19 21:34,69.6,81.3,6.7
9/2/19 21:39,69.6,81.5,2.7
9/2/19 21:44,69.4,81.7,4.9
9/2/19 21:49,69.4,81.7,4.3
9/2/19 21:54,69.4,81.7,7.2
9/2/19 21:59,69.3,81.7,9.8
9/2/19 22:04,69.3,81.3,11.9
9/2/19 22:09,69.3,81.1,16.6
9/2/19 22:14,69.3,80.8,14.5
9/2/19 22:19,69.1,80.4,15.2
9/2/19 22:24,69.1,80.2,9.2
9/2/19 22:29,69.3,80.2,9.8
9/2/19 22:34,69.1,80.1,11.2
9/2/19 22:39,68.9,80.1,13.4
9/2/19 22:44,69.1,79.9,13
9/2/19 22:49,69.1,79.7,13
9/2/19 22:54,68.7,79.5,9.8
9/2/19 22:59,68.7,79.2,13
9/2/19 23:04,68.9,79,10.7
9/2/19 23:09,68.7,78.8,11.2
9/2/19 23:14,68.5,78.6,9.8
9/2/19 23:19,68.7,78.4,9.2
9/2/19 23:24,68.5,78.3,9.8
9/2/19 23:29,68.4,78.1,6.5
9/2/19 23:34,68.4,77.7,11.2
9/2/19 23:39,68.4,77.7,11.4
9/2/19 23:44,68.4,77.7,7.4
9/2/19 23:49,68.2,77.7,9.2
9/2/19 23:54,68.2,77.7,7.6
9/2/19 23:59,68.2,77.9,5.1
9/3/19 0:04,68,77.9,4.3
9/3/19 0:09,68,77.7,6
9/3/19 0:14,68.2,77.5,5.6
9/3/19 0:19,68,77.4,8.7
9/3/19 0:24,67.8,77.2,2.7
9/3/19 0:29,67.8,76.6,10.5
9/3/19 0:34,68,76.1,7.4
9/3/19 0:39,68,75.7,7.4
9/3/19 0:44,68,75.4,6.7
9/3/19 0:49,68,74.8,7.6
9/3/19 0:54,68,74.7,8.3
9/3/19 0:59,67.8,74.5,7.2
9/3/19 1:04,67.8,74.5,7.4
9/3/19 1:09,67.8,74.5,8.3
9/3/19 1:14,67.8,74.7,8.1
9/3/19 1:19,67.8,74.7,8.7
9/3/19 1:24,67.8,74.7,7.6
9/3/19 1:29,67.8,74.7,8.1
9/3/19 1:34,67.8,74.7,8.3
9/3/19 1:39,67.8,74.5,7.4
9/3/19 1:44,67.8,74.3,7.4
9/3/19 1:49,67.8,74.3,6.7
9/3/19 1:54,67.6,74.5,8.3
9/3/19 1:59,67.6,74.5,6
9/3/19 2:04,67.8,74.3,8.7
9/3/19 2:09,67.8,74.1,6.5
9/3/19 2:14,67.6,73.9,4.3
9/3/19 2:19,67.6,73.6,6.5
9/3/19 2:24,67.8,73.2,4.9
9/3/19 2:29,67.6,72.9,4
9/3/19 2:34,67.6,72.7,6
9/3/19 2:39,67.6,72.5,3.4
9/3/19 2:44,67.6,72.3,1.1
9/3/19 2:49,67.5,72,1.1
9/3/19 2:54,67.5,71.8,0
9/3/19 2:59,67.6,71.6,2.9
9/3/19 3:04,67.5,71.2,1.1
9/3/19 3:09,67.3,70.9,2.5
9/3/19 3:14,67.3,70.7,0
9/3/19 3:19,67.3,70.5,0
9/3/19 3:24,67.1,70.3,0
9/3/19 3:29,67.1,70.2,0
9/3/19 3:34,67.1,70,1.3
9/3/19 3:39,67.1,70,4
9/3/19 3:44,66.9,70.2,3.4
9/3/19 3:49,66.9,70.3,2.5
9/3/19 3:54,66.7,70.7,2.9
9/3/19 3:59,66.9,70.9,2.7
9/3/19 4:04,66.7,71.1,1.8
9/3/19 4:09,66.6,70.7,1.3
9/3/19 4:14,66.6,70.3,2.7
9/3/19 4:19,66.6,70,0
9/3/19 4:24,66.4,69.6,0
9/3/19 4:29,66.4,69.4,0
9/3/19 4:34,66.4,69.1,0
9/3/19 4:39,66.4,68.7,0
9/3/19 4:44,66.2,68.7,4.5
9/3/19 4:49,66.2,69.1,5.6
9/3/19 4:54,66.2,69.3,4.3
9/3/19 4:59,66.2,69.6,5.1
9/3/19 5:04,66.2,69.8,2
9/3/19 5:09,66,70.2,2.7
9/3/19 5:14,66.2,70.3,1.3
9/3/19 5:19,66,70,0
9/3/19 5:24,66,69.4,0.2
9/3/19 5:29,66,68.9,0
9/3/19 5:34,66,68.2,0
9/3/19 5:39,65.8,67.5,0
9/3/19 5:44,65.8,66.9,0
9/3/19 5:49,65.8,66,0.2
9/3/19 5:54,65.8,65.1,0
9/3/19 5:59,65.8,64.2,0.9
9/3/19 6:04,65.5,63.7,2.5
9/3/19 6:09,65.5,63.1,0
9/3/19 6:14,65.5,62.8,0
9/3/19 6:19,65.5,62.2,1.3
9/3/19 6:24,65.5,62.1,0
9/3/19 6:29,65.3,61.9,0.9
9/3/19 6:34,65.1,61.5,0
9/3/19 6:39,65.1,61.3,0
9/3/19 6:44,65.1,61.3,0
9/3/19 6:49,65.1,61.3,0
9/3/19 6:54,65.3,61.3,0
9/3/19 6:59,65.3,61.5,0
9/3/19 7:04,65.3,61.9,0
9/3/19 7:09,65.5,62.1,0
9/3/19 7:14,65.5,62.2,0